{
  "category_name": {
    "fa": "کندانسور",
    "en": "Condenser",
    "ar": "مكثف",
    "ru": "Конденсатор",
    "kk": "Конденсатор",
    "ku": "کندانسور"
  },
  "category_url": "https://defrost.ir/shop/product-category/spare-parts-for-refrigerators/condenser/",
  "products": [
    {
      "name": {
        "fa": "کندانسور 1/10 (ضمیمه) لوله 4 و 6",
        "en": "Condenser 1/10 (Attachment) Pipe 4 and 6",
        "ar": "مكثف 1/10 (ملحق) أنبوب 4 و 6",
        "ru": "Конденсатор 1/10 (Приложение) Труба 4 и 6",
        "kk": "Конденсатор 1/10 (Приложение) Труба 4 и 6",
        "ku": "کندانسور 1/10 (ملحق) أنبوب 4 و 6"
      },
      "url": "https://defrost.ir/shop/product/%da%a9%d9%86%d8%af%d8%a7%d9%86%d8%b3%d9%88%d8%b1-1-10-%d8%b6%d9%85%db%8c%d9%85%d9%87/",
      "image": "https://defrost.ir/shop/wp-content/uploads/2018/01/21-600x600.jpg",
      "description": {
        "fa": "",
        "en": "",
        "ar": "",
        "ru": "",
        "kk": "",
        "ku": ""
      }
    },
    {
      "name": {
        "fa": "کندانسور 1/10 (ضمیمه) لوله 4 و 6",
        "en": "Condenser 1/10 (Attachment) Pipe 4 and 6",
        "ar": "مكثف 1/10 (ملحق) أنبوب 4 و 6",
        "ru": "Конденсатор 1/10 (Приложение) Труба 4 и 6",
        "kk": "Конденсатор 1/10 (Приложение) Труба 4 и 6",
        "ku": "کندانسور 1/10 (ملحق) أنبوب 4 و 6"
      },
      "url": "https://defrost.ir/shop/product/%da%a9%d9%86%d8%af%d8%a7%d9%86%d8%b3%d9%88%d8%b1-1-10-%d8%b6%d9%85%db%8c%d9%85%d9%87/",
      "image": "https://defrost.ir/shop/wp-content/uploads/2018/01/21-600x600.jpg",
      "description": {
        "fa": "",
        "en": "",
        "ar": "",
        "ru": "",
        "kk": "",
        "ku": ""
      }
    },
    {
      "name": {
        "fa": "کندانسور 1/5 ایستاده (10 پالس) لوله 4 و 6",
        "en": "Condenser 1/5 Standing (10 Pulse) Pipe 4 and 6",
        "ar": "مكثف 1/5 واقف (10 نبضة) أنبوب 4 و 6",
        "ru": "Конденсатор 1/5 Стоя (10 Импульс) Труба 4 и 6",
        "kk": "Конденсатор 1/5 Стоя (10 Импульс) Труба 4 и 6",
        "ku": "کندانسور 1/5 واقف (10 نبضة) أنبوب 4 و 6"
      },
      "url": "https://defrost.ir/shop/product/%da%a9%d9%86%d8%af%d8%a7%d9%86%d8%b3%d9%88%d8%b1-1-5-%d8%a7%db%8c%d8%b3%d8%aa%d8%a7%d8%af%d9%87/",
      "image": "https://defrost.ir/shop/wp-content/uploads/2018/01/22-600x600.jpg",
      "description": {
        "fa": "",
        "en": "",
        "ar": "",
        "ru": "",
        "kk": "",
        "ku": ""
      }
    },
    {
      "name": {
        "fa": "کندانسور 1/5 ایستاده (10 پالس) لوله 4 و 6",
        "en": "Condenser 1/5 Standing (10 Pulse) Pipe 4 and 6",
        "ar": "مكثف 1/5 واقف (10 نبضة) أنبوب 4 و 6",
        "ru": "Конденсатор 1/5 Стоя (10 Импульс) Труба 4 и 6",
        "kk": "Конденсатор 1/5 Стоя (10 Импульс) Труба 4 и 6",
        "ku": "کندانسور 1/5 واقف (10 نبضة) أنبوب 4 و 6"
      },
      "url": "https://defrost.ir/shop/product/%da%a9%d9%86%d8%af%d8%a7%d9%86%d8%b3%d9%88%d8%b1-1-5-%d8%a7%db%8c%d8%b3%d8%aa%d8%a7%d8%af%d9%87/",
      "image": "https://defrost.ir/shop/wp-content/uploads/2018/01/22-600x600.jpg",
      "description": {
        "fa": "",
        "en": "",
        "ar": "",
        "ru": "",
        "kk": "",
        "ku": ""
      }
    },
    {
      "name": {
        "fa": "کندانسور الجی بزرگ 1/3",
        "en": "LG Condenser Large 1/3",
        "ar": "مكثف إل جي كبير 1/3",
        "ru": "Конденсатор LG Большой 1/3",
        "kk": "Конденсатор LG Большой 1/3",
        "ku": "مكثف إل جي كبير 1/3"
      },
      "url": "https://defrost.ir/shop/product/%da%a9%d9%86%d8%af%d8%a7%d9%86%d8%b3%d9%88%d8%b1-%d8%a7%d9%84%d8%ac%db%8c-%d8%a8%d8%b2%d8%b1%da%af-1-3/",
      "image": "https://defrost.ir/shop/wp-content/uploads/2020/09/کندانسور-الجی-بزرگ-600x600.jpg",
      "description": {
        "fa": "",
        "en": "",
        "ar": "",
        "ru": "",
        "kk": "",
        "ku": ""
      }
    },
    {
      "name": {
        "fa": "کندانسور الجی بزرگ 1/3",
        "en": "LG Condenser Large 1/3",
        "ar": "مكثف إل جي كبير 1/3",
        "ru": "Конденсатор LG Большой 1/3",
        "kk": "Конденсатор LG Большой 1/3",
        "ku": "مكثف إل جي كبير 1/3"
      },
      "url": "https://defrost.ir/shop/product/%da%a9%d9%86%d8%af%d8%a7%d9%86%d8%b3%d9%88%d8%b1-%d8%a7%d9%84%d8%ac%db%8c-%d8%a8%d8%b2%d8%b1%da%af-1-3/",
      "image": "https://defrost.ir/shop/wp-content/uploads/2020/09/کندانسور-الجی-بزرگ-600x600.jpg",
      "description": {
        "fa": "",
        "en": "",
        "ar": "",
        "ru": "",
        "kk": "",
        "ku": ""
      }
    },
    {
      "name": {
        "fa": "کندانسور الجی کوچک 1/4",
        "en": "LG Condenser Small 1/4",
        "ar": "مكثف إل جي صغير 1/4",
        "ru": "Конденсатор LG Малый 1/4",
        "kk": "Конденсатор LG Малый 1/4",
        "ku": "مكثف إل جي صغير 1/4"
      },
      "url": "https://defrost.ir/shop/product/%da%a9%d9%86%d8%af%d8%a7%d9%86%d8%b3%d9%88%d8%b1-%d8%a7%d9%84%d8%ac%db%8c-%da%a9%d9%88%da%86%da%a9-1-4/",
      "image": "https://defrost.ir/shop/wp-content/uploads/2020/09/کندانسور-الجی-کوچک-600x600.jpg",
      "description": {
        "fa": "",
        "en": "",
        "ar": "",
        "ru": "",
        "kk": "",
        "ku": ""
      }
    },
    {
      "name": {
        "fa": "کندانسور الجی کوچک 1/4",
        "en": "LG Condenser Small 1/4",
        "ar": "مكثف إل جي صغير 1/4",
        "ru": "Конденсатор LG Малый 1/4",
        "kk": "Конденсатор LG Малый 1/4",
        "ku": "مكثف إل جي صغير 1/4"
      },
      "url": "https://defrost.ir/shop/product/%da%a9%d9%86%d8%af%d8%a7%d9%86%d8%b3%d9%88%d8%b1-%d8%a7%d9%84%d8%ac%db%8c-%da%a9%d9%88%da%86%da%a9-1-4/",
      "image": "https://defrost.ir/shop/wp-content/uploads/2020/09/کندانسور-الجی-کوچک-600x600.jpg",
      "description": {
        "fa": "",
        "en": "",
        "ar": "",
        "ru": "",
        "kk": "",
        "ku": ""
      }
    },
    {
      "name": {
        "fa": "کندانسور دوو بزرگ 1/3",
        "en": "Daewoo Condenser Large 1/3",
        "ar": "مكثف دايو كبير 1/3",
        "ru": "Конденсатор Daewoo Большой 1/3",
        "kk": "Конденсатор Daewoo Большой 1/3",
        "ku": "مكثف دايو كبير 1/3"
      },
      "url": "https://defrost.ir/shop/product/%da%a9%d9%86%d8%af%d8%a7%d9%86%d8%b3%d9%88%d8%b1-%d8%af%d9%88%d9%88-%d8%a8%d8%b2%d8%b1%da%af-1-3/",
      "image": "https://defrost.ir/shop/wp-content/uploads/2020/09/کندانسور-دوو-بزرگ-600x600.jpg",
      "description": {
        "fa": "",
        "en": "",
        "ar": "",
        "ru": "",
        "kk": "",
        "ku": ""
      }
    },
    {
      "name": {
        "fa": "کندانسور دوو بزرگ 1/3",
        "en": "Daewoo Condenser Large 1/3",
        "ar": "مكثف دايو كبير 1/3",
        "ru": "Конденсатор Daewoo Большой 1/3",
        "kk": "Конденсатор Daewoo Большой 1/3",
        "ku": "مكثف دايو كبير 1/3"
      },
      "url": "https://defrost.ir/shop/product/%da%a9%d9%86%d8%af%d8%a7%d9%86%d8%b3%d9%88%d8%b1-%d8%af%d9%88%d9%88-%d8%a8%d8%b2%d8%b1%da%af-1-3/",
      "image": "https://defrost.ir/shop/wp-content/uploads/2020/09/کندانسور-دوو-بزرگ-600x600.jpg",
      "description": {
        "fa": "",
        "en": "",
        "ar": "",
        "ru": "",
        "kk": "",
        "ku": ""
      }
    },
    {
      "name": {
        "fa": "کندانسور دوو کوچک 1/4",
        "en": "Daewoo Condenser Small 1/4",
        "ar": "مكثف دايو صغير 1/4",
        "ru": "Конденсатор Daewoo Малый 1/4",
        "kk": "Конденсатор Daewoo Малый 1/4",
        "ku": "مكثف دايو صغير 1/4"
      },
      "url": "https://defrost.ir/shop/product/%da%a9%d9%86%d8%af%d8%a7%d9%86%d8%b3%d9%88%d8%b1-%d8%af%d9%88%d9%88-%da%a9%d9%88%da%86%da%a9-1-4/",
      "image": "https://defrost.ir/shop/wp-content/uploads/2020/09/کندانسور-دوو-کوچک-600x600.jpg",
      "description": {
        "fa": "",
        "en": "",
        "ar": "",
        "ru": "",
        "kk": "",
        "ku": ""
      }
    },
    {
      "name": {
        "fa": "کندانسور دوو کوچک 1/4",
        "en": "Daewoo Condenser Small 1/4",
        "ar": "مكثف دايو صغير 1/4",
        "ru": "Конденсатор Daewoo Малый 1/4",
        "kk": "Конденсатор Daewoo Малый 1/4",
        "ku": "مكثف دايو صغير 1/4"
      },
      "url": "https://defrost.ir/shop/product/%da%a9%d9%86%d8%af%d8%a7%d9%86%d8%b3%d9%88%d8%b1-%d8%af%d9%88%d9%88-%da%a9%d9%88%da%86%da%a9-1-4/",
      "image": "https://defrost.ir/shop/wp-content/uploads/2020/09/کندانسور-دوو-کوچک-600x600.jpg",
      "description": {
        "fa": "",
        "en": "",
        "ar": "",
        "ru": "",
        "kk": "",
        "ku": ""
      }
    },
    {
      "name": {
        "fa": "کندانسور ساندویچی",
        "en": "Sandwich Condenser",
        "ar": "مكثف ساندويتش",
        "ru": "Конденсатор Бутерброд",
        "kk": "Конденсатор Бутерброд",
        "ku": "مكثف ساندويتش"
      },
      "url": "https://defrost.ir/shop/product/%da%a9%d9%86%d8%af%d8%a7%d9%86%d8%b3%d9%88%d8%b1-%d8%b3%d8%a7%d9%86%d8%af%d9%88%db%8c%da%86%db%8c/",
      "image": "https://defrost.ir/shop/wp-content/uploads/2018/01/25-600x600.jpg",
      "description": {
        "fa": "",
        "en": "",
        "ar": "",
        "ru": "",
        "kk": "",
        "ku": ""
      }
    },
    {
      "name": {
        "fa": "کندانسور ساندویچی",
        "en": "Sandwich Condenser",
        "ar": "مكثف ساندويتش",
        "ru": "Конденсатор Бутерброд",
        "kk": "Конденсатор Бутерброд",
        "ku": "مكثف ساندويتش"
      },
      "url": "https://defrost.ir/shop/product/%da%a9%d9%86%d8%af%d8%a7%d9%86%d8%b3%d9%88%d8%b1-%d8%b3%d8%a7%d9%86%d8%af%d9%88%db%8c%da%86%db%8c/",
      "image": "https://defrost.ir/shop/wp-content/uploads/2018/01/25-600x600.jpg",
      "description": {
        "fa": "",
        "en": "",
        "ar": "",
        "ru": "",
        "kk": "",
        "ku": ""
      }
    },
    {
      "name": {
        "fa": "کندانسور پاکتی 1/3",
        "en": "Pocket Condenser 1/3",
        "ar": "مكثف جيبي 1/3",
        "ru": "Конденсатор Мешок 1/3",
        "kk": "Конденсатор Мешок 1/3",
        "ku": "مكثف جيبي 1/3"
      },
      "url": "https://defrost.ir/shop/product/%da%a9%d9%86%d8%af%d8%a7%d9%86%d8%b3%d9%88%d8%b1-%d9%be%d8%a7%da%a9%d8%aa%db%8c-1-3/",
      "image": "https://defrost.ir/shop/wp-content/uploads/2020/09/کندانسور-پاکتی-13-600x600.jpg",
      "description": {
        "fa": "",
        "en": "",
        "ar": "",
        "ru": "",
        "kk": "",
        "ku": ""
      }
    },
    {
      "name": {
        "fa": "کندانسور پاکتی 1/3",
        "en": "Pocket Condenser 1/3",
        "ar": "مكثف جيبي 1/3",
        "ru": "Конденсатор Мешок 1/3",
        "kk": "Конденсатор Мешок 1/3",
        "ku": "مكثف جيبي 1/3"
      },
      "url": "https://defrost.ir/shop/product/%da%a9%d9%86%d8%af%d8%a7%d9%86%d8%b3%d9%88%d8%b1-%d9%be%d8%a7%da%a9%d8%aa%db%8c-1-3/",
      "image": "https://defrost.ir/shop/wp-content/uploads/2020/09/کندانسور-پاکتی-13-600x600.jpg",
      "description": {
        "fa": "",
        "en": "",
        "ar": "",
        "ru": "",
        "kk": "",
        "ku": ""
      }
    },
    {
      "name": {
        "fa": "کندانسور پاکتی 1/4",
        "en": "Pocket Condenser 1/4",
        "ar": "مكثف جيبي 1/4",
        "ru": "Конденсатор Мешок 1/4",
        "kk": "Конденсатор Мешок 1/4",
        "ku": "مكثف جيبي 1/4"
      },
      "url": "https://defrost.ir/shop/product/%da%a9%d9%86%d8%af%d8%a7%d9%86%d8%b3%d9%88%d8%b1-%d9%be%d8%a7%da%a9%d8%aa%db%8c-1-4/",
      "image": "https://defrost.ir/shop/wp-content/uploads/2018/01/کندانسور-پاکتی-14-600x600.jpg",
      "description": {
        "fa": "",
        "en": "",
        "ar": "",
        "ru": "",
        "kk": "",
        "ku": ""
      }
    },
    {
      "name": {
        "fa": "کندانسور پاکتی 1/4",
        "en": "Pocket Condenser 1/4",
        "ar": "مكثف جيبي 1/4",
        "ru": "Конденсатор Мешок 1/4",
        "kk": "Конденсатор Мешок 1/4",
        "ku": "مكثف جيبي 1/4"
      },
      "url": "https://defrost.ir/shop/product/%da%a9%d9%86%d8%af%d8%a7%d9%86%d8%b3%d9%88%d8%b1-%d9%be%d8%a7%da%a9%d8%aa%db%8c-1-4/",
      "image": "https://defrost.ir/shop/wp-content/uploads/2018/01/کندانسور-پاکتی-14-600x600.jpg",
      "description": {
        "fa": "",
        "en": "",
        "ar": "",
        "ru": "",
        "kk": "",
        "ku": ""
      }
    },
    {
      "name": {
        "fa": "کندانسور پاکتی 1/4+",
        "en": "Pocket Condenser 1/4+",
        "ar": "مكثف جيبي 1/4+",
        "ru": "Конденсатор Мешок 1/4+",
        "kk": "Конденсатор Мешок 1/4+",
        "ku": "مكثف جيبي 1/4+"
      },
      "url": "https://defrost.ir/shop/product/%da%a9%d9%86%d8%af%d8%a7%d9%86%d8%b3%d9%88%d8%b1-%d9%be%d8%a7%da%a9%d8%aa%db%8c-1-4-2/",
      "image": "https://defrost.ir/shop/wp-content/uploads/2020/09/کندانسور-پاکتی-14-600x600.jpg",
      "description": {
        "fa": "",
        "en": "",
        "ar": "",
        "ru": "",
        "kk": "",
        "ku": ""
      }
    },
    {
      "name": {
        "fa": "کندانسور پاکتی 1/4+",
        "en": "Pocket Condenser 1/4+",
        "ar": "مكثف جيبي 1/4+",
        "ru": "Конденсатор Мешок 1/4+",
        "kk": "Конденсатор Мешок 1/4+",
        "ku": "مكثف جيبي 1/4+"
      },
      "url": "https://defrost.ir/shop/product/%da%a9%d9%86%d8%af%d8%a7%d9%86%d8%b3%d9%88%d8%b1-%d9%be%d8%a7%da%a9%d8%aa%db%8c-1-4-2/",
      "image": "https://defrost.ir/shop/wp-content/uploads/2020/09/کندانسور-پاکتی-14-600x600.jpg",
      "description": {
        "fa": "",
        "en": "",
        "ar": "",
        "ru": "",
        "kk": "",
        "ku": ""
      }
    }
  ]
}