{
  "category_name": "capillary tube",
  "category_url": "https://defrost.ir/shop/product-category/spare-parts-for-refrigerators/capillary-tube/",
  "products": [
    {
      "name": "لوله موئی 1 اسب آبی",
      "url": "https://defrost.ir/shop/product/%d9%84%d9%88%d9%84%d9%87-%d9%85%d9%88%d8%a6%db%8c-1-%d8%a7%d8%b3%d8%a8-%d8%a2%d8%a8%db%8c/",
      "image": "https://defrost.ir/shop/wp-content/uploads/2020/09/1آبی-600x600.jpg",
      "description": ""
    },
    {
      "name": "لوله موئی 1 اسب آبی",
      "url": "https://defrost.ir/shop/product/%d9%84%d9%88%d9%84%d9%87-%d9%85%d9%88%d8%a6%db%8c-1-%d8%a7%d8%b3%d8%a8-%d8%a2%d8%a8%db%8c/",
      "image": "https://defrost.ir/shop/wp-content/uploads/2020/09/1آبی-600x600.jpg",
      "description": ""
    },
    {
      "name": "لوله موئی 1 اسب قرمز",
      "url": "https://defrost.ir/shop/product/%d9%84%d9%88%d9%84%d9%87-%d9%85%d9%88%d8%a6%db%8c-1-%d8%a7%d8%b3%d8%a8-%d9%82%d8%b1%d9%85%d8%b2/",
      "image": "https://defrost.ir/shop/wp-content/uploads/2020/09/1قرمز-600x600.jpg",
      "description": ""
    },
    {
      "name": "لوله موئی 1 اسب قرمز",
      "url": "https://defrost.ir/shop/product/%d9%84%d9%88%d9%84%d9%87-%d9%85%d9%88%d8%a6%db%8c-1-%d8%a7%d8%b3%d8%a8-%d9%82%d8%b1%d9%85%d8%b2/",
      "image": "https://defrost.ir/shop/wp-content/uploads/2020/09/1قرمز-600x600.jpg",
      "description": ""
    },
    {
      "name": "لوله موئی 1/10",
      "url": "https://defrost.ir/shop/product/%d9%84%d9%88%d9%84%d9%87-%d9%85%d9%88%d8%a6%db%8c-1-10/",
      "image": "https://defrost.ir/shop/wp-content/uploads/2020/09/110-600x600.jpg",
      "description": ""
    },
    {
      "name": "لوله موئی 1/10",
      "url": "https://defrost.ir/shop/product/%d9%84%d9%88%d9%84%d9%87-%d9%85%d9%88%d8%a6%db%8c-1-10/",
      "image": "https://defrost.ir/shop/wp-content/uploads/2020/09/110-600x600.jpg",
      "description": ""
    },
    {
      "name": "لوله موئی 1/2 آبی",
      "url": "https://defrost.ir/shop/product/%d9%84%d9%88%d9%84%d9%87-%d9%85%d9%88%d8%a6%db%8c-1-2-%d8%a2%d8%a8%db%8c/",
      "image": "https://defrost.ir/shop/wp-content/uploads/2020/09/12آبی-600x600.jpg",
      "description": ""
    },
    {
      "name": "لوله موئی 1/2 آبی",
      "url": "https://defrost.ir/shop/product/%d9%84%d9%88%d9%84%d9%87-%d9%85%d9%88%d8%a6%db%8c-1-2-%d8%a2%d8%a8%db%8c/",
      "image": "https://defrost.ir/shop/wp-content/uploads/2020/09/12آبی-600x600.jpg",
      "description": ""
    },
    {
      "name": "لوله موئی 1/2 قرمز",
      "url": "https://defrost.ir/shop/product/%d9%84%d9%88%d9%84%d9%87-%d9%85%d9%88%d8%a6%db%8c-1-2-%d9%82%d8%b1%d9%85%d8%b2/",
      "image": "https://defrost.ir/shop/wp-content/uploads/2020/09/12قرمز-600x600.jpg",
      "description": ""
    },
    {
      "name": "لوله موئی 1/2 قرمز",
      "url": "https://defrost.ir/shop/product/%d9%84%d9%88%d9%84%d9%87-%d9%85%d9%88%d8%a6%db%8c-1-2-%d9%82%d8%b1%d9%85%d8%b2/",
      "image": "https://defrost.ir/shop/wp-content/uploads/2020/09/12قرمز-600x600.jpg",
      "description": ""
    },
    {
      "name": "لوله موئی 1/3 آبی",
      "url": "https://defrost.ir/shop/product/%d9%84%d9%88%d9%84%d9%87-%d9%85%d9%88%d8%a6%db%8c-1-3-%d8%a2%d8%a8%db%8c/",
      "image": "https://defrost.ir/shop/wp-content/uploads/2020/09/13آبی-600x600.jpg",
      "description": ""
    },
    {
      "name": "لوله موئی 1/3 آبی",
      "url": "https://defrost.ir/shop/product/%d9%84%d9%88%d9%84%d9%87-%d9%85%d9%88%d8%a6%db%8c-1-3-%d8%a2%d8%a8%db%8c/",
      "image": "https://defrost.ir/shop/wp-content/uploads/2020/09/13آبی-600x600.jpg",
      "description": ""
    },
    {
      "name": "لوله موئی 1/3 قرمز",
      "url": "https://defrost.ir/shop/product/%d9%84%d9%88%d9%84%d9%87-%d9%85%d9%88%d8%a6%db%8c-1-3-%d9%82%d8%b1%d9%85%d8%b2/",
      "image": "https://defrost.ir/shop/wp-content/uploads/2020/09/13قرمز-600x600.jpg",
      "description": ""
    },
    {
      "name": "لوله موئی 1/3 قرمز",
      "url": "https://defrost.ir/shop/product/%d9%84%d9%88%d9%84%d9%87-%d9%85%d9%88%d8%a6%db%8c-1-3-%d9%82%d8%b1%d9%85%d8%b2/",
      "image": "https://defrost.ir/shop/wp-content/uploads/2020/09/13قرمز-600x600.jpg",
      "description": ""
    },
    {
      "name": "لوله موئی 1/4",
      "url": "https://defrost.ir/shop/product/%d9%84%d9%88%d9%84%d9%87-%d9%85%d9%88%d8%a6%db%8c-1-4/",
      "image": "https://defrost.ir/shop/wp-content/uploads/2020/09/لوله-موئی-14-1-600x600.jpg",
      "description": ""
    },
    {
      "name": "لوله موئی 1/4",
      "url": "https://defrost.ir/shop/product/%d9%84%d9%88%d9%84%d9%87-%d9%85%d9%88%d8%a6%db%8c-1-4/",
      "image": "https://defrost.ir/shop/wp-content/uploads/2020/09/لوله-موئی-14-1-600x600.jpg",
      "description": ""
    },
    {
      "name": "لوله موئی 1/5",
      "url": "https://defrost.ir/shop/product/%d9%84%d9%88%d9%84%d9%87-%d9%85%d9%88%d8%a6%db%8c-1-5/",
      "image": "https://defrost.ir/shop/wp-content/uploads/2020/09/15-600x600.jpg",
      "description": ""
    },
    {
      "name": "لوله موئی 1/5",
      "url": "https://defrost.ir/shop/product/%d9%84%d9%88%d9%84%d9%87-%d9%85%d9%88%d8%a6%db%8c-1-5/",
      "image": "https://defrost.ir/shop/wp-content/uploads/2020/09/15-600x600.jpg",
      "description": ""
    },
    {
      "name": "لوله موئی 1/6",
      "url": "https://defrost.ir/shop/product/%d9%84%d9%88%d9%84%d9%87-%d9%85%d9%88%d8%a6%db%8c-1-6/",
      "image": "https://defrost.ir/shop/wp-content/uploads/2020/09/لوله-موئی-16-1-600x600.jpg",
      "description": ""
    },
    {
      "name": "لوله موئی 1/6",
      "url": "https://defrost.ir/shop/product/%d9%84%d9%88%d9%84%d9%87-%d9%85%d9%88%d8%a6%db%8c-1-6/",
      "image": "https://defrost.ir/shop/wp-content/uploads/2020/09/لوله-موئی-16-1-600x600.jpg",
      "description": ""
    },
    {
      "name": "لوله موئی 1/8",
      "url": "https://defrost.ir/shop/product/%d9%84%d9%88%d9%84%d9%87-%d9%85%d9%88%d8%a6%db%8c-1-8/",
      "image": "https://defrost.ir/shop/wp-content/uploads/2020/09/لوله-موئی-18-600x600.jpg",
      "description": ""
    },
    {
      "name": "لوله موئی 1/8",
      "url": "https://defrost.ir/shop/product/%d9%84%d9%88%d9%84%d9%87-%d9%85%d9%88%d8%a6%db%8c-1-8/",
      "image": "https://defrost.ir/shop/wp-content/uploads/2020/09/لوله-موئی-18-600x600.jpg",
      "description": ""
    },
    {
      "name": "لوله موئی 3/4 آبی",
      "url": "https://defrost.ir/shop/product/%d9%84%d9%88%d9%84%d9%87-%d9%85%d9%88%d8%a6%db%8c-3-4-%d8%a2%d8%a8%db%8c/",
      "image": "https://defrost.ir/shop/wp-content/uploads/2020/09/34آبی-600x600.jpg",
      "description": ""
    },
    {
      "name": "لوله موئی 3/4 آبی",
      "url": "https://defrost.ir/shop/product/%d9%84%d9%88%d9%84%d9%87-%d9%85%d9%88%d8%a6%db%8c-3-4-%d8%a2%d8%a8%db%8c/",
      "image": "https://defrost.ir/shop/wp-content/uploads/2020/09/34آبی-600x600.jpg",
      "description": ""
    },
    {
      "name": "لوله موئی 3/4 قرمز",
      "url": "https://defrost.ir/shop/product/%d9%84%d9%88%d9%84%d9%87-%d9%85%d9%88%d8%a6%db%8c-3-4-%d9%82%d8%b1%d9%85%d8%b2/",
      "image": "https://defrost.ir/shop/wp-content/uploads/2020/09/لوله-موئی-34-قرمز-1-600x600.jpg",
      "description": ""
    },
    {
      "name": "لوله موئی 3/4 قرمز",
      "url": "https://defrost.ir/shop/product/%d9%84%d9%88%d9%84%d9%87-%d9%85%d9%88%d8%a6%db%8c-3-4-%d9%82%d8%b1%d9%85%d8%b2/",
      "image": "https://defrost.ir/shop/wp-content/uploads/2020/09/لوله-موئی-34-قرمز-1-600x600.jpg",
      "description": ""
    },
    {
      "name": "لوله مویی دو سر مهره ای",
      "url": "https://defrost.ir/shop/product/%d9%84%d9%88%d9%84%d9%87-%d9%85%d9%88%db%8c%db%8c-%d8%af%d9%88-%d8%b3%d8%b1-%d9%85%d9%87%d8%b1%d9%87-%d8%a7%db%8c/",
      "image": "https://defrost.ir/shop/wp-content/uploads/2018/02/312-600x600.jpg",
      "description": ""
    },
    {
      "name": "لوله مویی دو سر مهره ای",
      "url": "https://defrost.ir/shop/product/%d9%84%d9%88%d9%84%d9%87-%d9%85%d9%88%db%8c%db%8c-%d8%af%d9%88-%d8%b3%d8%b1-%d9%85%d9%87%d8%b1%d9%87-%d8%a7%db%8c/",
      "image": "https://defrost.ir/shop/wp-content/uploads/2018/02/312-600x600.jpg",
      "description": ""
    }
  ]
}