{
  "category_name": "condenser",
  "category_url": "https://defrost.ir/shop/product-category/spare-parts-for-refrigerators/condenser/",
  "products": [
    {
      "name": "کندانسور 1/10 (ضمیمه) لوله 4 و 6",
      "url": "https://defrost.ir/shop/product/%da%a9%d9%86%d8%af%d8%a7%d9%86%d8%b3%d9%88%d8%b1-1-10-%d8%b6%d9%85%db%8c%d9%85%d9%87/",
      "image": "https://defrost.ir/shop/wp-content/uploads/2018/01/21-600x600.jpg",
      "description": ""
    },
    {
      "name": "کندانسور 1/10 (ضمیمه) لوله 4 و 6",
      "url": "https://defrost.ir/shop/product/%da%a9%d9%86%d8%af%d8%a7%d9%86%d8%b3%d9%88%d8%b1-1-10-%d8%b6%d9%85%db%8c%d9%85%d9%87/",
      "image": "https://defrost.ir/shop/wp-content/uploads/2018/01/21-600x600.jpg",
      "description": ""
    },
    {
      "name": "کندانسور 1/5 ایستاده (10 پالس) لوله 4 و 6",
      "url": "https://defrost.ir/shop/product/%da%a9%d9%86%d8%af%d8%a7%d9%86%d8%b3%d9%88%d8%b1-1-5-%d8%a7%db%8c%d8%b3%d8%aa%d8%a7%d8%af%d9%87/",
      "image": "https://defrost.ir/shop/wp-content/uploads/2018/01/22-600x600.jpg",
      "description": ""
    },
    {
      "name": "کندانسور 1/5 ایستاده (10 پالس) لوله 4 و 6",
      "url": "https://defrost.ir/shop/product/%da%a9%d9%86%d8%af%d8%a7%d9%86%d8%b3%d9%88%d8%b1-1-5-%d8%a7%db%8c%d8%b3%d8%aa%d8%a7%d8%af%d9%87/",
      "image": "https://defrost.ir/shop/wp-content/uploads/2018/01/22-600x600.jpg",
      "description": ""
    },
    {
      "name": "کندانسور الجی بزرگ 1/3",
      "url": "https://defrost.ir/shop/product/%da%a9%d9%86%d8%af%d8%a7%d9%86%d8%b3%d9%88%d8%b1-%d8%a7%d9%84%d8%ac%db%8c-%d8%a8%d8%b2%d8%b1%da%af-1-3/",
      "image": "https://defrost.ir/shop/wp-content/uploads/2020/09/کندانسور-الجی-بزرگ-600x600.jpg",
      "description": ""
    },
    {
      "name": "کندانسور الجی بزرگ 1/3",
      "url": "https://defrost.ir/shop/product/%da%a9%d9%86%d8%af%d8%a7%d9%86%d8%b3%d9%88%d8%b1-%d8%a7%d9%84%d8%ac%db%8c-%d8%a8%d8%b2%d8%b1%da%af-1-3/",
      "image": "https://defrost.ir/shop/wp-content/uploads/2020/09/کندانسور-الجی-بزرگ-600x600.jpg",
      "description": ""
    },
    {
      "name": "کندانسور الجی کوچک 1/4",
      "url": "https://defrost.ir/shop/product/%da%a9%d9%86%d8%af%d8%a7%d9%86%d8%b3%d9%88%d8%b1-%d8%a7%d9%84%d8%ac%db%8c-%da%a9%d9%88%da%86%da%a9-1-4/",
      "image": "https://defrost.ir/shop/wp-content/uploads/2020/09/کندانسور-الجی-کوچک-600x600.jpg",
      "description": ""
    },
    {
      "name": "کندانسور الجی کوچک 1/4",
      "url": "https://defrost.ir/shop/product/%da%a9%d9%86%d8%af%d8%a7%d9%86%d8%b3%d9%88%d8%b1-%d8%a7%d9%84%d8%ac%db%8c-%da%a9%d9%88%da%86%da%a9-1-4/",
      "image": "https://defrost.ir/shop/wp-content/uploads/2020/09/کندانسور-الجی-کوچک-600x600.jpg",
      "description": ""
    },
    {
      "name": "کندانسور دوو بزرگ 1/3",
      "url": "https://defrost.ir/shop/product/%da%a9%d9%86%d8%af%d8%a7%d9%86%d8%b3%d9%88%d8%b1-%d8%af%d9%88%d9%88-%d8%a8%d8%b2%d8%b1%da%af-1-3/",
      "image": "https://defrost.ir/shop/wp-content/uploads/2020/09/کندانسور-دوو-بزرگ-600x600.jpg",
      "description": ""
    },
    {
      "name": "کندانسور دوو بزرگ 1/3",
      "url": "https://defrost.ir/shop/product/%da%a9%d9%86%d8%af%d8%a7%d9%86%d8%b3%d9%88%d8%b1-%d8%af%d9%88%d9%88-%d8%a8%d8%b2%d8%b1%da%af-1-3/",
      "image": "https://defrost.ir/shop/wp-content/uploads/2020/09/کندانسور-دوو-بزرگ-600x600.jpg",
      "description": ""
    },
    {
      "name": "کندانسور دوو کوچک 1/4",
      "url": "https://defrost.ir/shop/product/%da%a9%d9%86%d8%af%d8%a7%d9%86%d8%b3%d9%88%d8%b1-%d8%af%d9%88%d9%88-%da%a9%d9%88%da%86%da%a9-1-4/",
      "image": "https://defrost.ir/shop/wp-content/uploads/2020/09/کندانسور-دوو-کوچک-600x600.jpg",
      "description": ""
    },
    {
      "name": "کندانسور دوو کوچک 1/4",
      "url": "https://defrost.ir/shop/product/%da%a9%d9%86%d8%af%d8%a7%d9%86%d8%b3%d9%88%d8%b1-%d8%af%d9%88%d9%88-%da%a9%d9%88%da%86%da%a9-1-4/",
      "image": "https://defrost.ir/shop/wp-content/uploads/2020/09/کندانسور-دوو-کوچک-600x600.jpg",
      "description": ""
    },
    {
      "name": "کندانسور ساندویچی",
      "url": "https://defrost.ir/shop/product/%da%a9%d9%86%d8%af%d8%a7%d9%86%d8%b3%d9%88%d8%b1-%d8%b3%d8%a7%d9%86%d8%af%d9%88%db%8c%da%86%db%8c/",
      "image": "https://defrost.ir/shop/wp-content/uploads/2018/01/25-600x600.jpg",
      "description": ""
    },
    {
      "name": "کندانسور ساندویچی",
      "url": "https://defrost.ir/shop/product/%da%a9%d9%86%d8%af%d8%a7%d9%86%d8%b3%d9%88%d8%b1-%d8%b3%d8%a7%d9%86%d8%af%d9%88%db%8c%da%86%db%8c/",
      "image": "https://defrost.ir/shop/wp-content/uploads/2018/01/25-600x600.jpg",
      "description": ""
    },
    {
      "name": "کندانسور پاکتی 1/3",
      "url": "https://defrost.ir/shop/product/%da%a9%d9%86%d8%af%d8%a7%d9%86%d8%b3%d9%88%d8%b1-%d9%be%d8%a7%da%a9%d8%aa%db%8c-1-3/",
      "image": "https://defrost.ir/shop/wp-content/uploads/2020/09/کندانسور-پاکتی-13-600x600.jpg",
      "description": ""
    },
    {
      "name": "کندانسور پاکتی 1/3",
      "url": "https://defrost.ir/shop/product/%da%a9%d9%86%d8%af%d8%a7%d9%86%d8%b3%d9%88%d8%b1-%d9%be%d8%a7%da%a9%d8%aa%db%8c-1-3/",
      "image": "https://defrost.ir/shop/wp-content/uploads/2020/09/کندانسور-پاکتی-13-600x600.jpg",
      "description": ""
    },
    {
      "name": "کندانسور پاکتی 1/4",
      "url": "https://defrost.ir/shop/product/%da%a9%d9%86%d8%af%d8%a7%d9%86%d8%b3%d9%88%d8%b1-%d9%be%d8%a7%da%a9%d8%aa%db%8c-1-4/",
      "image": "https://defrost.ir/shop/wp-content/uploads/2018/01/کندانسور-پاکتی-14-600x600.jpg",
      "description": ""
    },
    {
      "name": "کندانسور پاکتی 1/4",
      "url": "https://defrost.ir/shop/product/%da%a9%d9%86%d8%af%d8%a7%d9%86%d8%b3%d9%88%d8%b1-%d9%be%d8%a7%da%a9%d8%aa%db%8c-1-4/",
      "image": "https://defrost.ir/shop/wp-content/uploads/2018/01/کندانسور-پاکتی-14-600x600.jpg",
      "description": ""
    },
    {
      "name": "کندانسور پاکتی 1/4+",
      "url": "https://defrost.ir/shop/product/%da%a9%d9%86%d8%af%d8%a7%d9%86%d8%b3%d9%88%d8%b1-%d9%be%d8%a7%da%a9%d8%aa%db%8c-1-4-2/",
      "image": "https://defrost.ir/shop/wp-content/uploads/2020/09/کندانسور-پاکتی-14-600x600.jpg",
      "description": ""
    },
    {
      "name": "کندانسور پاکتی 1/4+",
      "url": "https://defrost.ir/shop/product/%da%a9%d9%86%d8%af%d8%a7%d9%86%d8%b3%d9%88%d8%b1-%d9%be%d8%a7%da%a9%d8%aa%db%8c-1-4-2/",
      "image": "https://defrost.ir/shop/wp-content/uploads/2020/09/کندانسور-پاکتی-14-600x600.jpg",
      "description": ""
    }
  ]
}