{
  "category_name": "refrigerator fan",
  "category_url": "https://defrost.ir/shop/product-category/spare-parts-for-refrigerators/refrigerator-fan/",
  "products": [
    {
      "name": "فن 6110 دورت سرفلزی",
      "url": "https://defrost.ir/shop/product/%d9%81%d9%86-6110/",
      "image": "https://defrost.ir/shop/wp-content/uploads/2020/10/دورت-فلزی-600x600.jpg",
      "description": ""
    },
    {
      "name": "فن 6110 دورت سرفلزی",
      "url": "https://defrost.ir/shop/product/%d9%81%d9%86-6110/",
      "image": "https://defrost.ir/shop/wp-content/uploads/2020/10/دورت-فلزی-600x600.jpg",
      "description": ""
    },
    {
      "name": "فن 6110 دورت سرپلاستیکی",
      "url": "https://defrost.ir/shop/product/%d9%81%d9%86-%d9%85%d8%b4%da%a9%db%8c-%d8%af%d9%88%d8%b1-%d8%a8%d8%a7%d9%84%d8%a7/",
      "image": "https://defrost.ir/shop/wp-content/uploads/2020/10/فن-دورت-پلاستیکی-600x600.jpg",
      "description": ""
    },
    {
      "name": "فن 6110 دورت سرپلاستیکی",
      "url": "https://defrost.ir/shop/product/%d9%81%d9%86-%d9%85%d8%b4%da%a9%db%8c-%d8%af%d9%88%d8%b1-%d8%a8%d8%a7%d9%84%d8%a7/",
      "image": "https://defrost.ir/shop/wp-content/uploads/2020/10/فن-دورت-پلاستیکی-600x600.jpg",
      "description": ""
    },
    {
      "name": "فن 8 وات سوکت دار",
      "url": "https://defrost.ir/shop/product/%d9%81%d9%86-8-%d9%88%d8%a7%d8%aa-%d8%b3%d9%88%da%a9%d8%aa-%d8%af%d8%a7%d8%b1/",
      "image": "https://defrost.ir/shop/wp-content/uploads/2018/01/74-600x600.jpg",
      "description": ""
    },
    {
      "name": "فن 8 وات سوکت دار",
      "url": "https://defrost.ir/shop/product/%d9%81%d9%86-8-%d9%88%d8%a7%d8%aa-%d8%b3%d9%88%da%a9%d8%aa-%d8%af%d8%a7%d8%b1/",
      "image": "https://defrost.ir/shop/wp-content/uploads/2018/01/74-600x600.jpg",
      "description": ""
    },
    {
      "name": "فن اسنوایی",
      "url": "https://defrost.ir/shop/product/%d9%81%d9%86-%d8%a7%d8%b3%d9%86%d9%88%d8%a7%db%8c%db%8c/",
      "image": "https://defrost.ir/shop/wp-content/uploads/2020/10/فن1-600x600.jpg",
      "description": ""
    },
    {
      "name": "فن اسنوایی",
      "url": "https://defrost.ir/shop/product/%d9%81%d9%86-%d8%a7%d8%b3%d9%86%d9%88%d8%a7%db%8c%db%8c/",
      "image": "https://defrost.ir/shop/wp-content/uploads/2020/10/فن1-600x600.jpg",
      "description": ""
    },
    {
      "name": "فن ال جی DC 13v کره ای",
      "url": "https://defrost.ir/shop/product/%d9%81%d9%86-%d8%a7%d9%84-%d8%ac%db%8c-dc-13v-%da%a9%d8%b1%d9%87-%d8%a7%db%8c/",
      "image": "https://defrost.ir/shop/wp-content/uploads/2018/01/92-600x600.jpg",
      "description": ""
    },
    {
      "name": "فن ال جی DC 13v کره ای",
      "url": "https://defrost.ir/shop/product/%d9%81%d9%86-%d8%a7%d9%84-%d8%ac%db%8c-dc-13v-%da%a9%d8%b1%d9%87-%d8%a7%db%8c/",
      "image": "https://defrost.ir/shop/wp-content/uploads/2018/01/92-600x600.jpg",
      "description": ""
    },
    {
      "name": "فن جنرال DC 9/75v",
      "url": "https://defrost.ir/shop/product/%d9%81%d9%86-%d8%ac%d9%86%d8%b1%d8%a7%d9%84-dc-9-75v/",
      "image": "https://defrost.ir/shop/wp-content/uploads/2018/01/84-600x600.jpg",
      "description": ""
    },
    {
      "name": "فن جنرال DC 9/75v",
      "url": "https://defrost.ir/shop/product/%d9%81%d9%86-%d8%ac%d9%86%d8%b1%d8%a7%d9%84-dc-9-75v/",
      "image": "https://defrost.ir/shop/wp-content/uploads/2018/01/84-600x600.jpg",
      "description": ""
    },
    {
      "name": "فن جنرال اصل تایلند DC 9/75V",
      "url": "https://defrost.ir/shop/product/%d9%81%d9%86-%d8%ac%d9%86%d8%b1%d8%a7%d9%84-%d8%a7%d8%b5%d9%84-%d8%aa%d8%a7%db%8c%d9%84%d9%86%d8%af-dc-9-75v/",
      "image": "https://defrost.ir/shop/wp-content/uploads/2018/01/85-600x600.jpg",
      "description": ""
    },
    {
      "name": "فن جنرال اصل تایلند DC 9/75V",
      "url": "https://defrost.ir/shop/product/%d9%81%d9%86-%d8%ac%d9%86%d8%b1%d8%a7%d9%84-%d8%a7%d8%b5%d9%84-%d8%aa%d8%a7%db%8c%d9%84%d9%86%d8%af-dc-9-75v/",
      "image": "https://defrost.ir/shop/wp-content/uploads/2018/01/85-600x600.jpg",
      "description": ""
    },
    {
      "name": "فن دوو کره ای",
      "url": "https://defrost.ir/shop/product/%d9%81%d9%86-%d8%af%d9%88%d9%88-%da%a9%d8%b1%d9%87-%d8%a7%db%8c/",
      "image": "https://defrost.ir/shop/wp-content/uploads/2018/01/82-600x600.jpg",
      "description": ""
    },
    {
      "name": "فن دوو کره ای",
      "url": "https://defrost.ir/shop/product/%d9%81%d9%86-%d8%af%d9%88%d9%88-%da%a9%d8%b1%d9%87-%d8%a7%db%8c/",
      "image": "https://defrost.ir/shop/wp-content/uploads/2018/01/82-600x600.jpg",
      "description": ""
    },
    {
      "name": "فن رکسنورد",
      "url": "https://defrost.ir/shop/product/%d9%81%d9%86-%d8%b1%da%a9%d8%b3%d9%86%d9%88%d8%b1%d8%af/",
      "image": "https://defrost.ir/shop/wp-content/uploads/2020/10/فن-5-600x600.jpg",
      "description": ""
    },
    {
      "name": "فن رکسنورد",
      "url": "https://defrost.ir/shop/product/%d9%81%d9%86-%d8%b1%da%a9%d8%b3%d9%86%d9%88%d8%b1%d8%af/",
      "image": "https://defrost.ir/shop/wp-content/uploads/2020/10/فن-5-600x600.jpg",
      "description": ""
    },
    {
      "name": "فن سامسونگ DC 12V",
      "url": "https://defrost.ir/shop/product/%d9%81%d9%86-%d8%b3%d8%a7%d9%85%d8%b3%d9%88%d9%86%da%af-dc-12v/",
      "image": "https://defrost.ir/shop/wp-content/uploads/2018/01/83-600x600.jpg",
      "description": ""
    },
    {
      "name": "فن سامسونگ DC 12V",
      "url": "https://defrost.ir/shop/product/%d9%81%d9%86-%d8%b3%d8%a7%d9%85%d8%b3%d9%88%d9%86%da%af-dc-12v/",
      "image": "https://defrost.ir/shop/wp-content/uploads/2018/01/83-600x600.jpg",
      "description": ""
    },
    {
      "name": "فن سامسونگی سوکت قرمز کره ای",
      "url": "https://defrost.ir/shop/product/%d9%81%d9%86-%d8%b3%d8%a7%d9%85%d8%b3%d9%88%d9%86%da%af%db%8c-%d8%b3%d9%88%da%a9%d8%aa-%d9%82%d8%b1%d9%85%d8%b2/",
      "image": "https://defrost.ir/shop/wp-content/uploads/2018/01/65-600x600.jpg",
      "description": ""
    },
    {
      "name": "فن سامسونگی سوکت قرمز کره ای",
      "url": "https://defrost.ir/shop/product/%d9%81%d9%86-%d8%b3%d8%a7%d9%85%d8%b3%d9%88%d9%86%da%af%db%8c-%d8%b3%d9%88%da%a9%d8%aa-%d9%82%d8%b1%d9%85%d8%b2/",
      "image": "https://defrost.ir/shop/wp-content/uploads/2018/01/65-600x600.jpg",
      "description": ""
    },
    {
      "name": "فن سیم بلند",
      "url": "https://defrost.ir/shop/product/%d9%81%d9%86-%d8%b3%db%8c%d9%85-%d8%a8%d9%84%d9%86%d8%af/",
      "image": "https://defrost.ir/shop/wp-content/uploads/2018/01/100-600x600.jpg",
      "description": ""
    },
    {
      "name": "فن سیم بلند",
      "url": "https://defrost.ir/shop/product/%d9%81%d9%86-%d8%b3%db%8c%d9%85-%d8%a8%d9%84%d9%86%d8%af/",
      "image": "https://defrost.ir/shop/wp-content/uploads/2018/01/100-600x600.jpg",
      "description": ""
    },
    {
      "name": "فن شفت بلند بکو، آرچلیک، بوش و…",
      "url": "https://defrost.ir/shop/product/%d9%81%d9%86-%d8%b4%d9%81%d8%aa-%d8%a8%d9%84%d9%86%d8%af-%d8%a8%da%a9%d9%88%d8%8c-%d8%a2%d8%b1%da%86%d9%84%db%8c%da%a9%d8%8c-%d8%a8%d9%88%d8%b4-%d9%88/",
      "image": "https://defrost.ir/shop/wp-content/uploads/2020/10/فن-7-600x600.jpg",
      "description": ""
    },
    {
      "name": "فن شفت بلند بکو، آرچلیک، بوش و…",
      "url": "https://defrost.ir/shop/product/%d9%81%d9%86-%d8%b4%d9%81%d8%aa-%d8%a8%d9%84%d9%86%d8%af-%d8%a8%da%a9%d9%88%d8%8c-%d8%a2%d8%b1%da%86%d9%84%db%8c%da%a9%d8%8c-%d8%a8%d9%88%d8%b4-%d9%88/",
      "image": "https://defrost.ir/shop/wp-content/uploads/2020/10/فن-7-600x600.jpg",
      "description": ""
    },
    {
      "name": "فن مشکی طرح کره",
      "url": "https://defrost.ir/shop/product/%d9%81%d9%86-%d9%85%d8%b4%da%a9%db%8c-%d8%b7%d8%b1%d8%ad-%da%a9%d8%b1%d9%87/",
      "image": "https://defrost.ir/shop/wp-content/uploads/2018/01/63-600x600.jpg",
      "description": ""
    },
    {
      "name": "فن مشکی طرح کره",
      "url": "https://defrost.ir/shop/product/%d9%81%d9%86-%d9%85%d8%b4%da%a9%db%8c-%d8%b7%d8%b1%d8%ad-%da%a9%d8%b1%d9%87/",
      "image": "https://defrost.ir/shop/wp-content/uploads/2018/01/63-600x600.jpg",
      "description": ""
    },
    {
      "name": "فن هسته باریک",
      "url": "https://defrost.ir/shop/product/%d9%81%d9%86-%d9%87%d8%b3%d8%aa%d9%87-%d8%a8%d8%a7%d8%b1%db%8c%da%a9/",
      "image": "https://defrost.ir/shop/wp-content/uploads/2018/01/75-600x600.jpg",
      "description": ""
    },
    {
      "name": "فن هسته باریک",
      "url": "https://defrost.ir/shop/product/%d9%81%d9%86-%d9%87%d8%b3%d8%aa%d9%87-%d8%a8%d8%a7%d8%b1%db%8c%da%a9/",
      "image": "https://defrost.ir/shop/wp-content/uploads/2018/01/75-600x600.jpg",
      "description": ""
    },
    {
      "name": "فن هسته باریک الکترواستیل",
      "url": "https://defrost.ir/shop/product/%d9%81%d9%86-%d9%87%d8%b3%d8%aa%d9%87-%d8%a8%d8%a7%d8%b1%db%8c%da%a9-%d8%a7%d9%84%da%a9%d8%aa%d8%b1%d9%88%d8%a7%d8%b3%d8%aa%db%8c%d9%84/",
      "image": "https://defrost.ir/shop/wp-content/uploads/2020/10/فن-3-600x600.jpg",
      "description": ""
    },
    {
      "name": "فن هسته باریک الکترواستیل",
      "url": "https://defrost.ir/shop/product/%d9%81%d9%86-%d9%87%d8%b3%d8%aa%d9%87-%d8%a8%d8%a7%d8%b1%db%8c%da%a9-%d8%a7%d9%84%da%a9%d8%aa%d8%b1%d9%88%d8%a7%d8%b3%d8%aa%db%8c%d9%84/",
      "image": "https://defrost.ir/shop/wp-content/uploads/2020/10/فن-3-600x600.jpg",
      "description": ""
    },
    {
      "name": "فن هسته باریک کامتک",
      "url": "https://defrost.ir/shop/product/%d9%81%d9%86-%d9%87%d8%b3%d8%aa%d9%87-%d8%a8%d8%a7%d8%b1%db%8c%da%a9-%da%a9%d8%a7%d9%85%d8%aa%da%a9/",
      "image": "https://defrost.ir/shop/wp-content/uploads/2018/01/73-600x600.jpg",
      "description": ""
    },
    {
      "name": "فن هسته باریک کامتک",
      "url": "https://defrost.ir/shop/product/%d9%81%d9%86-%d9%87%d8%b3%d8%aa%d9%87-%d8%a8%d8%a7%d8%b1%db%8c%da%a9-%da%a9%d8%a7%d9%85%d8%aa%da%a9/",
      "image": "https://defrost.ir/shop/wp-content/uploads/2018/01/73-600x600.jpg",
      "description": ""
    },
    {
      "name": "فن هسته ضخیم",
      "url": "https://defrost.ir/shop/product/%d9%81%d9%86-%d9%87%d8%b3%d8%aa%d9%87-%d8%b6%d8%ae%db%8c%d9%85/",
      "image": "https://defrost.ir/shop/wp-content/uploads/2020/10/فن-6-600x600.jpg",
      "description": ""
    },
    {
      "name": "فن هسته ضخیم",
      "url": "https://defrost.ir/shop/product/%d9%81%d9%86-%d9%87%d8%b3%d8%aa%d9%87-%d8%b6%d8%ae%db%8c%d9%85/",
      "image": "https://defrost.ir/shop/wp-content/uploads/2020/10/فن-6-600x600.jpg",
      "description": ""
    },
    {
      "name": "فن پاور قرمز طرح شانگ های",
      "url": "https://defrost.ir/shop/product/%d9%81%d9%86-%d9%be%d8%a7%d9%88%d8%b1-%d9%82%d8%b1%d9%85%d8%b2-%d8%b7%d8%b1%d8%ad-%d8%b4%d8%a7%d9%86%da%af-%d9%87%d8%a7%db%8c/",
      "image": "https://defrost.ir/shop/wp-content/uploads/2018/01/62-600x600.jpg",
      "description": ""
    },
    {
      "name": "فن پاور قرمز طرح شانگ های",
      "url": "https://defrost.ir/shop/product/%d9%81%d9%86-%d9%be%d8%a7%d9%88%d8%b1-%d9%82%d8%b1%d9%85%d8%b2-%d8%b7%d8%b1%d8%ad-%d8%b4%d8%a7%d9%86%da%af-%d9%87%d8%a7%db%8c/",
      "image": "https://defrost.ir/shop/wp-content/uploads/2018/01/62-600x600.jpg",
      "description": ""
    }
  ]
}