{
  "category_name": "sensor",
  "category_url": "https://defrost.ir/shop/product-category/spare-parts-for-refrigerators/sensor/",
  "products": [
    {
      "name": "سنسور 1کیلو اهم 1درصد",
      "url": "https://defrost.ir/shop/product/%d8%b3%d9%86%d8%b3%d9%88%d8%b1-1%da%a9%db%8c%d9%84%d9%88-1%d8%af%d8%b1%d8%b5%d8%af/",
      "image": "https://defrost.ir/shop/wp-content/uploads/2020/09/سنسور-1-600x600.jpg",
      "description": ""
    },
    {
      "name": "سنسور 1کیلو اهم 1درصد",
      "url": "https://defrost.ir/shop/product/%d8%b3%d9%86%d8%b3%d9%88%d8%b1-1%da%a9%db%8c%d9%84%d9%88-1%d8%af%d8%b1%d8%b5%d8%af/",
      "image": "https://defrost.ir/shop/wp-content/uploads/2020/09/سنسور-1-600x600.jpg",
      "description": ""
    },
    {
      "name": "سنسور 1کیلو اهم 5 درصد",
      "url": "https://defrost.ir/shop/product/%d8%b3%d9%86%d8%b3%d9%88%d8%b1-1%da%a9%db%8c%d9%84%d9%88-5%d8%af%d8%b1%d8%b5%d8%af/",
      "image": "https://defrost.ir/shop/wp-content/uploads/2020/09/سنسور-5-600x600.jpg",
      "description": ""
    },
    {
      "name": "سنسور 1کیلو اهم 5 درصد",
      "url": "https://defrost.ir/shop/product/%d8%b3%d9%86%d8%b3%d9%88%d8%b1-1%da%a9%db%8c%d9%84%d9%88-5%d8%af%d8%b1%d8%b5%d8%af/",
      "image": "https://defrost.ir/shop/wp-content/uploads/2020/09/سنسور-5-600x600.jpg",
      "description": ""
    },
    {
      "name": "سنسور 2 کیلو اهم دوو",
      "url": "https://defrost.ir/shop/product/%d8%b3%d9%86%d8%b3%d9%88%d8%b1-2k-%d8%af%d9%88%d9%88/",
      "image": "https://defrost.ir/shop/wp-content/uploads/2020/09/سنسور-دوو2-600x600.jpg",
      "description": ""
    },
    {
      "name": "سنسور 2 کیلو اهم دوو",
      "url": "https://defrost.ir/shop/product/%d8%b3%d9%86%d8%b3%d9%88%d8%b1-2k-%d8%af%d9%88%d9%88/",
      "image": "https://defrost.ir/shop/wp-content/uploads/2020/09/سنسور-دوو2-600x600.jpg",
      "description": ""
    },
    {
      "name": "سنسور ارج 5 کیلو اهم",
      "url": "https://defrost.ir/shop/product/%d8%b3%d9%86%d8%b3%d9%88%d8%b1-%d8%a7%d8%b1%d8%ac-5-%da%a9%db%8c%d9%84%d9%88-%d8%a7%d9%87%d9%85/",
      "image": "https://defrost.ir/shop/wp-content/uploads/2020/09/ارج-5-کیلواهم-600x600.jpg",
      "description": ""
    },
    {
      "name": "سنسور ارج 5 کیلو اهم",
      "url": "https://defrost.ir/shop/product/%d8%b3%d9%86%d8%b3%d9%88%d8%b1-%d8%a7%d8%b1%d8%ac-5-%da%a9%db%8c%d9%84%d9%88-%d8%a7%d9%87%d9%85/",
      "image": "https://defrost.ir/shop/wp-content/uploads/2020/09/ارج-5-کیلواهم-600x600.jpg",
      "description": ""
    },
    {
      "name": "سنسور ارج 50 کیلو اهم",
      "url": "https://defrost.ir/shop/product/%d8%b3%d9%86%d8%b3%d9%88%d8%b1-%d8%a7%d8%b1%d8%ac-50-%da%a9%db%8c%d9%84%d9%88%d8%a7%d9%87%d9%85/",
      "image": "https://defrost.ir/shop/wp-content/uploads/2020/09/سنسور-ارج-50-600x600.jpg",
      "description": ""
    },
    {
      "name": "سنسور ارج 50 کیلو اهم",
      "url": "https://defrost.ir/shop/product/%d8%b3%d9%86%d8%b3%d9%88%d8%b1-%d8%a7%d8%b1%d8%ac-50-%da%a9%db%8c%d9%84%d9%88%d8%a7%d9%87%d9%85/",
      "image": "https://defrost.ir/shop/wp-content/uploads/2020/09/سنسور-ارج-50-600x600.jpg",
      "description": ""
    },
    {
      "name": "سنسور اسنوا 10 کیلو اهم",
      "url": "https://defrost.ir/shop/product/%d8%b3%d9%86%d8%b3%d9%88%d8%b1-%d8%a7%d8%b3%d9%86%d9%88%d8%a7-10-%da%a9%db%8c%d9%84%d9%88-%d8%a7%d9%87%d9%85/",
      "image": "https://defrost.ir/shop/wp-content/uploads/2018/01/66-600x600.jpg",
      "description": ""
    },
    {
      "name": "سنسور اسنوا 10 کیلو اهم",
      "url": "https://defrost.ir/shop/product/%d8%b3%d9%86%d8%b3%d9%88%d8%b1-%d8%a7%d8%b3%d9%86%d9%88%d8%a7-10-%da%a9%db%8c%d9%84%d9%88-%d8%a7%d9%87%d9%85/",
      "image": "https://defrost.ir/shop/wp-content/uploads/2018/01/66-600x600.jpg",
      "description": ""
    },
    {
      "name": "سنسور ال جی 2 کیلو اهم",
      "url": "https://defrost.ir/shop/product/%d8%b3%d9%86%d8%b3%d9%88%d8%b1-%d9%87%d8%a7%db%8c%d8%b3%d9%86%d8%b3-%d8%a7%d9%84-%d8%ac%db%8c-2%da%a9%db%8c%d9%84%d9%88-%d8%a7%d9%87%d9%85/",
      "image": "https://defrost.ir/shop/wp-content/uploads/2020/09/سنسور-الجی-2-600x600.jpg",
      "description": ""
    },
    {
      "name": "سنسور ال جی 2 کیلو اهم",
      "url": "https://defrost.ir/shop/product/%d8%b3%d9%86%d8%b3%d9%88%d8%b1-%d9%87%d8%a7%db%8c%d8%b3%d9%86%d8%b3-%d8%a7%d9%84-%d8%ac%db%8c-2%da%a9%db%8c%d9%84%d9%88-%d8%a7%d9%87%d9%85/",
      "image": "https://defrost.ir/shop/wp-content/uploads/2020/09/سنسور-الجی-2-600x600.jpg",
      "description": ""
    },
    {
      "name": "سنسور الکترواستیل 10 کیلو اهم",
      "url": "https://defrost.ir/shop/product/%d8%b3%d9%86%d8%b3%d9%88%d8%b1-%d8%a7%d9%84%da%a9%d8%aa%d8%b1%d9%88%d8%a7%d8%b3%d8%aa%db%8c%d9%84-10-%da%a9%db%8c%d9%84%d9%88-%d8%a7%d9%87%d9%85/",
      "image": "https://defrost.ir/shop/wp-content/uploads/2020/09/سنسور-10-الکترواستیل-600x600.jpg",
      "description": ""
    },
    {
      "name": "سنسور الکترواستیل 10 کیلو اهم",
      "url": "https://defrost.ir/shop/product/%d8%b3%d9%86%d8%b3%d9%88%d8%b1-%d8%a7%d9%84%da%a9%d8%aa%d8%b1%d9%88%d8%a7%d8%b3%d8%aa%db%8c%d9%84-10-%da%a9%db%8c%d9%84%d9%88-%d8%a7%d9%87%d9%85/",
      "image": "https://defrost.ir/shop/wp-content/uploads/2020/09/سنسور-10-الکترواستیل-600x600.jpg",
      "description": ""
    },
    {
      "name": "سنسور امرسان 5 کیلو اهم",
      "url": "https://defrost.ir/shop/product/%d8%b3%d9%86%d8%b3%d9%88%d8%b1-%d8%b3%d8%a7%d9%85%d8%b3%d9%88%d9%86%da%af-5%da%a9%db%8c%d9%84%d9%88-%d8%a7%d9%87%d9%85/",
      "image": "https://defrost.ir/shop/wp-content/uploads/2020/09/سنسور-سامسونگ-5-600x600.jpg",
      "description": ""
    },
    {
      "name": "سنسور امرسان 5 کیلو اهم",
      "url": "https://defrost.ir/shop/product/%d8%b3%d9%86%d8%b3%d9%88%d8%b1-%d8%b3%d8%a7%d9%85%d8%b3%d9%88%d9%86%da%af-5%da%a9%db%8c%d9%84%d9%88-%d8%a7%d9%87%d9%85/",
      "image": "https://defrost.ir/shop/wp-content/uploads/2020/09/سنسور-سامسونگ-5-600x600.jpg",
      "description": ""
    },
    {
      "name": "سنسور امرســــان 10 کیلو اهم",
      "url": "https://defrost.ir/shop/product/%d8%b3%d9%86%d8%b3%d9%88%d8%b1-%d8%a7%d9%85%d8%b1%d8%b3%d9%80%d9%80%d9%80%d9%80%d8%a7%d9%86-10-%da%a9%db%8c%d9%84%d9%88-%d8%a7%d9%87%d9%85/",
      "image": "https://defrost.ir/shop/wp-content/uploads/2020/09/امرسان-10-600x600.jpg",
      "description": ""
    },
    {
      "name": "سنسور امرســــان 10 کیلو اهم",
      "url": "https://defrost.ir/shop/product/%d8%b3%d9%86%d8%b3%d9%88%d8%b1-%d8%a7%d9%85%d8%b1%d8%b3%d9%80%d9%80%d9%80%d9%80%d8%a7%d9%86-10-%da%a9%db%8c%d9%84%d9%88-%d8%a7%d9%87%d9%85/",
      "image": "https://defrost.ir/shop/wp-content/uploads/2020/09/امرسان-10-600x600.jpg",
      "description": ""
    },
    {
      "name": "سنسور دونار 10 کیلو اهم",
      "url": "https://defrost.ir/shop/product/%d8%b3%d9%86%d8%b3%d9%88%d8%b1-%d8%af%d9%88%d9%86%d8%a7%d8%b1-10-%da%a9%db%8c%d9%84%d9%88-%d8%a7%d9%87%d9%85/",
      "image": "https://defrost.ir/shop/wp-content/uploads/2020/09/دونار-10-کیلو-600x600.jpg",
      "description": ""
    },
    {
      "name": "سنسور دونار 10 کیلو اهم",
      "url": "https://defrost.ir/shop/product/%d8%b3%d9%86%d8%b3%d9%88%d8%b1-%d8%af%d9%88%d9%86%d8%a7%d8%b1-10-%da%a9%db%8c%d9%84%d9%88-%d8%a7%d9%87%d9%85/",
      "image": "https://defrost.ir/shop/wp-content/uploads/2020/09/دونار-10-کیلو-600x600.jpg",
      "description": ""
    },
    {
      "name": "سنسور سامسونگ 5 کیلو اهم",
      "url": "https://defrost.ir/shop/product/%d8%b3%d9%86%d8%b3%d9%88%d8%b1-%d8%b3%d8%a7%d9%85%d8%b3%d9%88%d9%86%da%af-5-%da%a9%db%8c%d9%84%d9%88-%d8%a7%d9%87%d9%85/",
      "image": "https://defrost.ir/shop/wp-content/uploads/2020/09/سنسور-5-سامسونگ-600x600.jpg",
      "description": ""
    },
    {
      "name": "سنسور سامسونگ 5 کیلو اهم",
      "url": "https://defrost.ir/shop/product/%d8%b3%d9%86%d8%b3%d9%88%d8%b1-%d8%b3%d8%a7%d9%85%d8%b3%d9%88%d9%86%da%af-5-%da%a9%db%8c%d9%84%d9%88-%d8%a7%d9%87%d9%85/",
      "image": "https://defrost.ir/shop/wp-content/uploads/2020/09/سنسور-5-سامسونگ-600x600.jpg",
      "description": ""
    },
    {
      "name": "سنسور سینجر 10 کیلو اهم",
      "url": "https://defrost.ir/shop/product/%d8%b3%d9%86%d8%b3%d9%88%d8%b1-%d8%b3%db%8c%d9%86%d8%ac%d8%b1-10-%da%a9%db%8c%d9%84%d9%88-%d8%a7%d9%87%d9%85/",
      "image": "https://defrost.ir/shop/wp-content/uploads/2020/09/سینجر-10-کیلو-600x600.jpg",
      "description": ""
    },
    {
      "name": "سنسور سینجر 10 کیلو اهم",
      "url": "https://defrost.ir/shop/product/%d8%b3%d9%86%d8%b3%d9%88%d8%b1-%d8%b3%db%8c%d9%86%d8%ac%d8%b1-10-%da%a9%db%8c%d9%84%d9%88-%d8%a7%d9%87%d9%85/",
      "image": "https://defrost.ir/shop/wp-content/uploads/2020/09/سینجر-10-کیلو-600x600.jpg",
      "description": ""
    },
    {
      "name": "سنسور سینجر 50 کیلو اهم",
      "url": "https://defrost.ir/shop/product/%d8%b3%d9%86%d8%b3%d9%88%d8%b1-%d8%b3%db%8c%d9%86%d8%ac%d8%b1-50-%da%a9%db%8c%d9%84%d9%88-%d8%a7%d9%87%d9%85/",
      "image": "https://defrost.ir/shop/wp-content/uploads/2020/09/سینجر-50-کیلو-600x600.jpg",
      "description": ""
    },
    {
      "name": "سنسور سینجر 50 کیلو اهم",
      "url": "https://defrost.ir/shop/product/%d8%b3%d9%86%d8%b3%d9%88%d8%b1-%d8%b3%db%8c%d9%86%d8%ac%d8%b1-50-%da%a9%db%8c%d9%84%d9%88-%d8%a7%d9%87%d9%85/",
      "image": "https://defrost.ir/shop/wp-content/uploads/2020/09/سینجر-50-کیلو-600x600.jpg",
      "description": ""
    },
    {
      "name": "سنسور محیطی سامسونگ 5 کیلو اهم",
      "url": "https://defrost.ir/shop/product/%d8%b3%d9%86%d8%b3%d9%88%d8%b1-%d9%85%d8%ad%db%8c%d8%b7%db%8c-%d8%b3%d8%a7%d9%85%d8%b3%d9%88%d9%86%da%af-5-%da%a9%db%8c%d9%84%d9%88-%d8%a7%d9%87%d9%85/",
      "image": "https://defrost.ir/shop/wp-content/uploads/2018/01/58-600x600.jpg",
      "description": ""
    },
    {
      "name": "سنسور محیطی سامسونگ 5 کیلو اهم",
      "url": "https://defrost.ir/shop/product/%d8%b3%d9%86%d8%b3%d9%88%d8%b1-%d9%85%d8%ad%db%8c%d8%b7%db%8c-%d8%b3%d8%a7%d9%85%d8%b3%d9%88%d9%86%da%af-5-%da%a9%db%8c%d9%84%d9%88-%d8%a7%d9%87%d9%85/",
      "image": "https://defrost.ir/shop/wp-content/uploads/2018/01/58-600x600.jpg",
      "description": ""
    },
    {
      "name": "سنسور نیکسان 10 کیلو اهم",
      "url": "https://defrost.ir/shop/product/%d8%b3%d9%86%d8%b3%d9%88%d8%b1-%d9%86%db%8c%da%a9%d8%b3%d8%a7%d9%86-10-%da%a9%db%8c%d9%84%d9%88-%d8%a7%d9%87%d9%85/",
      "image": "https://defrost.ir/shop/wp-content/uploads/2020/09/نیکسان-10-کیلو-600x600.jpg",
      "description": ""
    },
    {
      "name": "سنسور نیکسان 10 کیلو اهم",
      "url": "https://defrost.ir/shop/product/%d8%b3%d9%86%d8%b3%d9%88%d8%b1-%d9%86%db%8c%da%a9%d8%b3%d8%a7%d9%86-10-%da%a9%db%8c%d9%84%d9%88-%d8%a7%d9%87%d9%85/",
      "image": "https://defrost.ir/shop/wp-content/uploads/2020/09/نیکسان-10-کیلو-600x600.jpg",
      "description": ""
    },
    {
      "name": "سنسور نیکسان 50 کیلو اهم",
      "url": "https://defrost.ir/shop/product/%d8%b3%d9%86%d8%b3%d9%88%d8%b1-%d9%86%db%8c%da%a9%d8%b3%d8%a7%d9%86-50-%da%a9%db%8c%d9%84%d9%88-%d8%a7%d9%87%d9%85/",
      "image": "https://defrost.ir/shop/wp-content/uploads/2020/09/نیکسان-50-کیلو-600x600.jpg",
      "description": ""
    },
    {
      "name": "سنسور نیکسان 50 کیلو اهم",
      "url": "https://defrost.ir/shop/product/%d8%b3%d9%86%d8%b3%d9%88%d8%b1-%d9%86%db%8c%da%a9%d8%b3%d8%a7%d9%86-50-%da%a9%db%8c%d9%84%d9%88-%d8%a7%d9%87%d9%85/",
      "image": "https://defrost.ir/shop/wp-content/uploads/2020/09/نیکسان-50-کیلو-600x600.jpg",
      "description": ""
    },
    {
      "name": "سنسور هیمالیا 10 کیلو اهم سیم بلند",
      "url": "https://defrost.ir/shop/product/%d8%b3%d9%86%d8%b3%d9%88%d8%b1-%d9%87%db%8c%d9%85%d8%a7%d9%84%db%8c%d8%a7-10-%da%a9%db%8c%d9%84%d9%88-%d8%a7%d9%87%d9%85/",
      "image": "https://defrost.ir/shop/wp-content/uploads/2020/09/هیمالیا-10-کیلواهم-600x600.jpg",
      "description": ""
    },
    {
      "name": "سنسور هیمالیا 10 کیلو اهم سیم بلند",
      "url": "https://defrost.ir/shop/product/%d8%b3%d9%86%d8%b3%d9%88%d8%b1-%d9%87%db%8c%d9%85%d8%a7%d9%84%db%8c%d8%a7-10-%da%a9%db%8c%d9%84%d9%88-%d8%a7%d9%87%d9%85/",
      "image": "https://defrost.ir/shop/wp-content/uploads/2020/09/هیمالیا-10-کیلواهم-600x600.jpg",
      "description": ""
    },
    {
      "name": "سنسور پارس، جنرال استیل، ایران پویا (3 کیلو اهم)",
      "url": "https://defrost.ir/shop/product/%d8%b3%d9%86%d8%b3%d9%88%d8%b1-%d9%be%d8%a7%d8%b1%d8%b3%d8%8c-%d8%ac%d9%86%d8%b1%d8%a7%d9%84-%d8%a7%d8%b3%d8%aa%db%8c%d9%84%d8%8c-%d8%a7%db%8c%d8%b1%d8%a7%d9%86-%d9%be%d9%88%db%8c%d8%a7-3-%da%a9/",
      "image": "https://defrost.ir/shop/wp-content/uploads/2018/01/102-600x600.jpg",
      "description": ""
    },
    {
      "name": "سنسور پارس، جنرال استیل، ایران پویا (3 کیلو اهم)",
      "url": "https://defrost.ir/shop/product/%d8%b3%d9%86%d8%b3%d9%88%d8%b1-%d9%be%d8%a7%d8%b1%d8%b3%d8%8c-%d8%ac%d9%86%d8%b1%d8%a7%d9%84-%d8%a7%d8%b3%d8%aa%db%8c%d9%84%d8%8c-%d8%a7%db%8c%d8%b1%d8%a7%d9%86-%d9%be%d9%88%db%8c%d8%a7-3-%da%a9/",
      "image": "https://defrost.ir/shop/wp-content/uploads/2018/01/102-600x600.jpg",
      "description": ""
    },
    {
      "name": "سنسور یخساران – اسنوا 676",
      "url": "https://defrost.ir/shop/product/%d8%b3%d9%86%d8%b3%d9%88%d8%b1-%d8%b3%d9%86%d9%88%d8%a7-%d9%85%d8%af%d9%84-676/",
      "image": "https://defrost.ir/shop/wp-content/uploads/2018/01/81-600x600.jpg",
      "description": ""
    },
    {
      "name": "سنسور یخساران – اسنوا 676",
      "url": "https://defrost.ir/shop/product/%d8%b3%d9%86%d8%b3%d9%88%d8%b1-%d8%b3%d9%86%d9%88%d8%a7-%d9%85%d8%af%d9%84-676/",
      "image": "https://defrost.ir/shop/wp-content/uploads/2018/01/81-600x600.jpg",
      "description": ""
    }
  ]
}