{
  "category_name": "suction",
  "category_url": "https://defrost.ir/shop/product-category/spare-parts-for-refrigerators/suction/",
  "products": [
    {
      "name": "ساکشن 1/4 سایز 018 سفارشی",
      "url": "https://defrost.ir/shop/product/%d8%b3%d8%a7%da%a9%d8%b4%d9%861/",
      "image": "https://defrost.ir/shop/wp-content/uploads/2018/01/51-600x600.jpg",
      "description": ""
    },
    {
      "name": "ساکشن 1/4 سایز 018 سفارشی",
      "url": "https://defrost.ir/shop/product/%d8%b3%d8%a7%da%a9%d8%b4%d9%861/",
      "image": "https://defrost.ir/shop/wp-content/uploads/2018/01/51-600x600.jpg",
      "description": ""
    },
    {
      "name": "ساکشن 1/5 سایز 018 سفارشی",
      "url": "https://defrost.ir/shop/product/%d8%b3%d8%a7%da%a9%d8%b4%d9%86/",
      "image": "https://defrost.ir/shop/wp-content/uploads/2018/01/52-600x600.jpg",
      "description": ""
    },
    {
      "name": "ساکشن 1/5 سایز 018 سفارشی",
      "url": "https://defrost.ir/shop/product/%d8%b3%d8%a7%da%a9%d8%b4%d9%86/",
      "image": "https://defrost.ir/shop/wp-content/uploads/2018/01/52-600x600.jpg",
      "description": ""
    },
    {
      "name": "ساکشن 1/6 سایز 018 سفارشی",
      "url": "https://defrost.ir/shop/product/tortuga-glasses/",
      "image": "https://defrost.ir/shop/wp-content/uploads/2014/11/400-600x600.jpg",
      "description": ""
    },
    {
      "name": "ساکشن 1/6 سایز 018 سفارشی",
      "url": "https://defrost.ir/shop/product/tortuga-glasses/",
      "image": "https://defrost.ir/shop/wp-content/uploads/2014/11/400-600x600.jpg",
      "description": ""
    },
    {
      "name": "ساکشن 1/8 سایز 018 سفارشی",
      "url": "https://defrost.ir/shop/product/%d8%b3%d8%a7%da%a9%d8%b4%d9%86-1-8-%d8%b3%d8%a7%db%8c%d8%b2-018-%d8%b3%d9%81%d8%a7%d8%b1%d8%b4%db%8c/",
      "image": "https://defrost.ir/shop/wp-content/uploads/2020/09/ساکشن-600x600.jpg",
      "description": ""
    },
    {
      "name": "ساکشن 1/8 سایز 018 سفارشی",
      "url": "https://defrost.ir/shop/product/%d8%b3%d8%a7%da%a9%d8%b4%d9%86-1-8-%d8%b3%d8%a7%db%8c%d8%b2-018-%d8%b3%d9%81%d8%a7%d8%b1%d8%b4%db%8c/",
      "image": "https://defrost.ir/shop/wp-content/uploads/2020/09/ساکشن-600x600.jpg",
      "description": ""
    }
  ]
}