{
  "category_name": "timer",
  "category_url": "https://defrost.ir/shop/product-category/spare-parts-for-refrigerators/timer/",
  "products": [
    {
      "name": "تایمر تنظیمی دیبا",
      "url": "https://defrost.ir/shop/product/%d8%aa%d8%a7%db%8c%d9%85%d8%b1-%d8%aa%d9%86%d8%b8%db%8c%d9%85%db%8c/",
      "image": "https://defrost.ir/shop/wp-content/uploads/2019/01/4-600x600.jpg",
      "description": ""
    },
    {
      "name": "تایمر تنظیمی دیبا",
      "url": "https://defrost.ir/shop/product/%d8%aa%d8%a7%db%8c%d9%85%d8%b1-%d8%aa%d9%86%d8%b8%db%8c%d9%85%db%8c/",
      "image": "https://defrost.ir/shop/wp-content/uploads/2019/01/4-600x600.jpg",
      "description": ""
    },
    {
      "name": "تایمر تنظیمی دیفراست",
      "url": "https://defrost.ir/shop/product/%d8%aa%d8%a7%db%8c%d9%85%d8%b1-%d8%aa%d9%86%d8%b8%db%8c%d9%85%db%8c-%d8%af%db%8c%d9%81%d8%b1%d8%a7%d8%b3%d8%aa/",
      "image": "https://defrost.ir/shop/wp-content/uploads/2018/02/303-600x600.jpg",
      "description": ""
    },
    {
      "name": "تایمر تنظیمی دیفراست",
      "url": "https://defrost.ir/shop/product/%d8%aa%d8%a7%db%8c%d9%85%d8%b1-%d8%aa%d9%86%d8%b8%db%8c%d9%85%db%8c-%d8%af%db%8c%d9%81%d8%b1%d8%a7%d8%b3%d8%aa/",
      "image": "https://defrost.ir/shop/wp-content/uploads/2018/02/303-600x600.jpg",
      "description": ""
    },
    {
      "name": "تایمر دیفراست دیجیتال",
      "url": "https://defrost.ir/shop/product/%d8%aa%d8%a7%db%8c%d9%85%d8%b1-%d8%af%db%8c%d9%81%d8%b1%d8%a7%d8%b3%d8%aa-%d8%af%db%8c%d8%ac%db%8c%d8%aa%d8%a7%d9%84/",
      "image": "https://defrost.ir/shop/wp-content/uploads/2018/02/304-600x600.jpg",
      "description": ""
    },
    {
      "name": "تایمر دیفراست دیجیتال",
      "url": "https://defrost.ir/shop/product/%d8%aa%d8%a7%db%8c%d9%85%d8%b1-%d8%af%db%8c%d9%81%d8%b1%d8%a7%d8%b3%d8%aa-%d8%af%db%8c%d8%ac%db%8c%d8%aa%d8%a7%d9%84/",
      "image": "https://defrost.ir/shop/wp-content/uploads/2018/02/304-600x600.jpg",
      "description": ""
    },
    {
      "name": "تایمر دیفراست دیجیتال سورین",
      "url": "https://defrost.ir/shop/product/%d8%aa%d8%a7%db%8c%d9%85%d8%b1-%d8%af%db%8c%d9%81%d8%b1%d8%a7%d8%b3%d8%aa-%d8%af%db%8c%d8%ac%db%8c%d8%aa%d8%a7%d9%84-%d8%b3%d9%88%d8%b1%db%8c%d9%86/",
      "image": "https://defrost.ir/shop/wp-content/uploads/2022/11/تایمرسورین-600x600.jpg",
      "description": ""
    },
    {
      "name": "تایمر دیفراست دیجیتال سورین",
      "url": "https://defrost.ir/shop/product/%d8%aa%d8%a7%db%8c%d9%85%d8%b1-%d8%af%db%8c%d9%81%d8%b1%d8%a7%d8%b3%d8%aa-%d8%af%db%8c%d8%ac%db%8c%d8%aa%d8%a7%d9%84-%d8%b3%d9%88%d8%b1%db%8c%d9%86/",
      "image": "https://defrost.ir/shop/wp-content/uploads/2022/11/تایمرسورین-600x600.jpg",
      "description": ""
    }
  ]
}