{
  "category_name": "joint",
  "category_url": "https://defrost.ir/shop/product-category/spare-parts-for-refrigerators/joint/",
  "products": [
    {
      "name": "جوینت بلند",
      "url": "https://defrost.ir/shop/product/%d8%ac%d9%88%db%8c%d9%86%d8%aa-%d8%a8%d9%84%d9%86%d8%af/",
      "image": "https://defrost.ir/shop/wp-content/uploads/2020/09/جوینت-بلند-600x600.jpg",
      "description": ""
    },
    {
      "name": "جوینت بلند",
      "url": "https://defrost.ir/shop/product/%d8%ac%d9%88%db%8c%d9%86%d8%aa-%d8%a8%d9%84%d9%86%d8%af/",
      "image": "https://defrost.ir/shop/wp-content/uploads/2020/09/جوینت-بلند-600x600.jpg",
      "description": ""
    },
    {
      "name": "جوینت کوتاه",
      "url": "https://defrost.ir/shop/product/%d8%ac%d9%88%db%8c%d9%86%d8%aa-%da%a9%d9%88%d8%aa%d8%a7%d9%87/",
      "image": "https://defrost.ir/shop/wp-content/uploads/2020/09/جوینت-کوتاه-600x600.jpg",
      "description": ""
    },
    {
      "name": "جوینت کوتاه",
      "url": "https://defrost.ir/shop/product/%d8%ac%d9%88%db%8c%d9%86%d8%aa-%da%a9%d9%88%d8%aa%d8%a7%d9%87/",
      "image": "https://defrost.ir/shop/wp-content/uploads/2020/09/جوینت-کوتاه-600x600.jpg",
      "description": ""
    },
    {
      "name": "جوینت کوتاه سرگشاد",
      "url": "https://defrost.ir/shop/product/%d8%ac%d9%88%db%8c%d9%86%d8%aa/",
      "image": "https://defrost.ir/shop/wp-content/uploads/2018/01/جوینت-کوتاه-سرگشاد1-600x600.jpg",
      "description": ""
    },
    {
      "name": "جوینت کوتاه سرگشاد",
      "url": "https://defrost.ir/shop/product/%d8%ac%d9%88%db%8c%d9%86%d8%aa/",
      "image": "https://defrost.ir/shop/wp-content/uploads/2018/01/جوینت-کوتاه-سرگشاد1-600x600.jpg",
      "description": ""
    }
  ]
}