{
  "category_name": "element heater",
  "category_url": "https://defrost.ir/shop/product-category/spare-parts-for-refrigerators/element-heater/",
  "products": [
    {
      "name": "المنت آبریز سیلیکونی فویل دار",
      "url": "https://defrost.ir/shop/product/%d8%a7%d9%84%d9%85%d9%86%d8%aa-%d8%a2%d8%a8%d8%b1%db%8c%d8%b2-%d9%81%d9%88%db%8c%d9%84%db%8c-%d8%b3%db%8c%d9%84%db%8c%da%a9%d9%88%d9%86%db%8c/",
      "image": "https://defrost.ir/shop/wp-content/uploads/2019/01/2-600x600.jpg",
      "description": ""
    },
    {
      "name": "المنت آبریز سیلیکونی فویل دار",
      "url": "https://defrost.ir/shop/product/%d8%a7%d9%84%d9%85%d9%86%d8%aa-%d8%a2%d8%a8%d8%b1%db%8c%d8%b2-%d9%81%d9%88%db%8c%d9%84%db%8c-%d8%b3%db%8c%d9%84%db%8c%da%a9%d9%88%d9%86%db%8c/",
      "image": "https://defrost.ir/shop/wp-content/uploads/2019/01/2-600x600.jpg",
      "description": ""
    },
    {
      "name": "المنت اسنوا 810 فریزری (سامسونگRL)",
      "url": "https://defrost.ir/shop/product/%d8%a7%d9%84%d9%85%d9%86%d8%aa-%d8%a7%d8%b3%d9%86%d9%88%d8%a7-810-%d9%81%d8%b1%db%8c%d8%b2%d8%b1%db%8c-%d8%b3%d8%a7%d9%85%d8%b3%d9%88%d9%86%da%afrl/",
      "image": "https://defrost.ir/shop/wp-content/uploads/2022/09/اسنوافریزری-600x600.jpg",
      "description": ""
    },
    {
      "name": "المنت اسنوا 810 فریزری (سامسونگRL)",
      "url": "https://defrost.ir/shop/product/%d8%a7%d9%84%d9%85%d9%86%d8%aa-%d8%a7%d8%b3%d9%86%d9%88%d8%a7-810-%d9%81%d8%b1%db%8c%d8%b2%d8%b1%db%8c-%d8%b3%d8%a7%d9%85%d8%b3%d9%88%d9%86%da%afrl/",
      "image": "https://defrost.ir/shop/wp-content/uploads/2022/09/اسنوافریزری-600x600.jpg",
      "description": ""
    },
    {
      "name": "المنت اسنوا 810 یخچالی (سامسونگRL)",
      "url": "https://defrost.ir/shop/product/%d8%a7%d9%84%d9%85%d9%86%d8%aa-%d8%a7%d8%b3%d9%86%d9%88%d8%a7-810-%db%8c%d8%ae%da%86%d8%a7%d9%84%db%8c-%d8%b3%d8%a7%d9%85%d8%b3%d9%88%d9%86%da%afrl/",
      "image": "https://defrost.ir/shop/wp-content/uploads/2022/09/اسنوایخچالی-600x600.jpg",
      "description": ""
    },
    {
      "name": "المنت اسنوا 810 یخچالی (سامسونگRL)",
      "url": "https://defrost.ir/shop/product/%d8%a7%d9%84%d9%85%d9%86%d8%aa-%d8%a7%d8%b3%d9%86%d9%88%d8%a7-810-%db%8c%d8%ae%da%86%d8%a7%d9%84%db%8c-%d8%b3%d8%a7%d9%85%d8%b3%d9%88%d9%86%da%afrl/",
      "image": "https://defrost.ir/shop/wp-content/uploads/2022/09/اسنوایخچالی-600x600.jpg",
      "description": ""
    },
    {
      "name": "المنت الجی (54 سانتیمتر)",
      "url": "https://defrost.ir/shop/product/%d8%a7%d9%84%d9%85%d9%86%d8%aa-%d8%a7%d9%84%d8%ac%db%8c-54-%d8%b3%d8%a7%d9%86%d8%aa%db%8c%d9%85%d8%aa%d8%b1/",
      "image": "https://defrost.ir/shop/wp-content/uploads/2019/03/10-600x600.jpg",
      "description": ""
    },
    {
      "name": "المنت الجی (54 سانتیمتر)",
      "url": "https://defrost.ir/shop/product/%d8%a7%d9%84%d9%85%d9%86%d8%aa-%d8%a7%d9%84%d8%ac%db%8c-54-%d8%b3%d8%a7%d9%86%d8%aa%db%8c%d9%85%d8%aa%d8%b1/",
      "image": "https://defrost.ir/shop/wp-content/uploads/2019/03/10-600x600.jpg",
      "description": ""
    },
    {
      "name": "المنت الکترواستیل (12 خط)",
      "url": "https://defrost.ir/shop/product/notebook-pavel-f14/",
      "image": "https://defrost.ir/shop/wp-content/uploads/2014/10/322-600x600.jpg",
      "description": ""
    },
    {
      "name": "المنت الکترواستیل (12 خط)",
      "url": "https://defrost.ir/shop/product/notebook-pavel-f14/",
      "image": "https://defrost.ir/shop/wp-content/uploads/2014/10/322-600x600.jpg",
      "description": ""
    },
    {
      "name": "المنت الکترواستیل (20 خط)",
      "url": "https://defrost.ir/shop/product/headphone-over-ear/",
      "image": "https://defrost.ir/shop/wp-content/uploads/2014/10/324-600x600.jpg",
      "description": ""
    },
    {
      "name": "المنت الکترواستیل (20 خط)",
      "url": "https://defrost.ir/shop/product/headphone-over-ear/",
      "image": "https://defrost.ir/shop/wp-content/uploads/2014/10/324-600x600.jpg",
      "description": ""
    },
    {
      "name": "المنت امرسان",
      "url": "https://defrost.ir/shop/product/%d8%a7%d9%84%d9%85%d9%86%d8%aa-%d8%a7%d9%85%d8%b1%d8%b3%d8%a7%d9%86/",
      "image": "https://defrost.ir/shop/wp-content/uploads/2022/09/امرسان16-600x600.jpg",
      "description": ""
    },
    {
      "name": "المنت امرسان",
      "url": "https://defrost.ir/shop/product/%d8%a7%d9%84%d9%85%d9%86%d8%aa-%d8%a7%d9%85%d8%b1%d8%b3%d8%a7%d9%86/",
      "image": "https://defrost.ir/shop/wp-content/uploads/2022/09/امرسان16-600x600.jpg",
      "description": ""
    },
    {
      "name": "المنت ب الکترواستیل فریزری 270 وات",
      "url": "https://defrost.ir/shop/product/%d8%a7%d9%84%d9%85%d9%86%d8%aa-%d8%a8-%d8%a7%d9%84%da%a9%d8%aa%d8%b1%d9%88%d8%a7%d8%b3%d8%aa%db%8c%d9%84-%d9%81%d8%b1%db%8c%d8%b2%d8%b1%db%8c-270-%d9%88%d8%a7%d8%aa/",
      "image": "https://defrost.ir/shop/wp-content/uploads/2019/02/122-600x600.jpg",
      "description": ""
    },
    {
      "name": "المنت ب الکترواستیل فریزری 270 وات",
      "url": "https://defrost.ir/shop/product/%d8%a7%d9%84%d9%85%d9%86%d8%aa-%d8%a8-%d8%a7%d9%84%da%a9%d8%aa%d8%b1%d9%88%d8%a7%d8%b3%d8%aa%db%8c%d9%84-%d9%81%d8%b1%db%8c%d8%b2%d8%b1%db%8c-270-%d9%88%d8%a7%d8%aa/",
      "image": "https://defrost.ir/shop/wp-content/uploads/2019/02/122-600x600.jpg",
      "description": ""
    },
    {
      "name": "المنت بوش",
      "url": "https://defrost.ir/shop/product/cube-9-fullhd/",
      "image": "https://defrost.ir/shop/wp-content/uploads/2014/11/329-600x600.jpg",
      "description": ""
    },
    {
      "name": "المنت بوش",
      "url": "https://defrost.ir/shop/product/cube-9-fullhd/",
      "image": "https://defrost.ir/shop/wp-content/uploads/2014/11/329-600x600.jpg",
      "description": ""
    },
    {
      "name": "المنت جنرالی (سامی 46)",
      "url": "https://defrost.ir/shop/product/%d8%a7%d9%84%d9%85%d9%86%d8%aa-%d8%ac%d9%86%d8%b1%d8%a7%d9%84%db%8c-%d8%b3%d8%a7%d9%85%db%8c-46/",
      "image": "https://defrost.ir/shop/wp-content/uploads/2022/09/المنت-جنرالی-600x600.jpg",
      "description": ""
    },
    {
      "name": "المنت جنرالی (سامی 46)",
      "url": "https://defrost.ir/shop/product/%d8%a7%d9%84%d9%85%d9%86%d8%aa-%d8%ac%d9%86%d8%b1%d8%a7%d9%84%db%8c-%d8%b3%d8%a7%d9%85%db%8c-46/",
      "image": "https://defrost.ir/shop/wp-content/uploads/2022/09/المنت-جنرالی-600x600.jpg",
      "description": ""
    },
    {
      "name": "المنت درین سیمی سیلیکونی",
      "url": "https://defrost.ir/shop/product/%d8%a7%d9%84%d9%85%d9%86%d8%aa-%d8%af%d8%b1%db%8c%d9%86-%d8%b3%db%8c%d9%85%db%8c-%d8%b3%db%8c%d9%84%db%8c%da%a9%d9%88%d9%86%db%8c/",
      "image": "https://defrost.ir/shop/wp-content/uploads/2019/01/28-600x600.jpg",
      "description": ""
    },
    {
      "name": "المنت درین سیمی سیلیکونی",
      "url": "https://defrost.ir/shop/product/%d8%a7%d9%84%d9%85%d9%86%d8%aa-%d8%af%d8%b1%db%8c%d9%86-%d8%b3%db%8c%d9%85%db%8c-%d8%b3%db%8c%d9%84%db%8c%da%a9%d9%88%d9%86%db%8c/",
      "image": "https://defrost.ir/shop/wp-content/uploads/2019/01/28-600x600.jpg",
      "description": ""
    },
    {
      "name": "المنت دوبل امرسان",
      "url": "https://defrost.ir/shop/product/%d8%a7%d9%84%d9%85%d9%86%d8%aa-%d8%af%d9%88%d8%a8%d9%84-%d8%a7%d9%85%d8%b1%d8%b3%d8%a7%d9%86/",
      "image": "https://defrost.ir/shop/wp-content/uploads/2022/09/امرسان-دوبل-600x600.jpg",
      "description": ""
    },
    {
      "name": "المنت دوبل امرسان",
      "url": "https://defrost.ir/shop/product/%d8%a7%d9%84%d9%85%d9%86%d8%aa-%d8%af%d9%88%d8%a8%d9%84-%d8%a7%d9%85%d8%b1%d8%b3%d8%a7%d9%86/",
      "image": "https://defrost.ir/shop/wp-content/uploads/2022/09/امرسان-دوبل-600x600.jpg",
      "description": ""
    },
    {
      "name": "المنت دونار – اورست",
      "url": "https://defrost.ir/shop/product/roja-smartphone/",
      "image": "https://defrost.ir/shop/wp-content/uploads/2014/11/332-600x600.jpg",
      "description": ""
    },
    {
      "name": "المنت دونار – اورست",
      "url": "https://defrost.ir/shop/product/roja-smartphone/",
      "image": "https://defrost.ir/shop/wp-content/uploads/2014/11/332-600x600.jpg",
      "description": ""
    },
    {
      "name": "المنت دیفراست 180 سی سی",
      "url": "https://defrost.ir/shop/product/%d8%a7%d9%84%d9%85%d9%86%d8%aa-%d8%af%db%8c%d9%81%d8%b1%d8%a7%d8%b3%d8%aa-180-%d8%b3%db%8c-%d8%b3%db%8c/",
      "image": "https://defrost.ir/shop/wp-content/uploads/2019/02/123-600x600.jpg",
      "description": ""
    },
    {
      "name": "المنت دیفراست 180 سی سی",
      "url": "https://defrost.ir/shop/product/%d8%a7%d9%84%d9%85%d9%86%d8%aa-%d8%af%db%8c%d9%81%d8%b1%d8%a7%d8%b3%d8%aa-180-%d8%b3%db%8c-%d8%b3%db%8c/",
      "image": "https://defrost.ir/shop/wp-content/uploads/2019/02/123-600x600.jpg",
      "description": ""
    },
    {
      "name": "المنت دیفراست 90 سی سی",
      "url": "https://defrost.ir/shop/product/%d8%a7%d9%84%d9%85%d9%86%d8%aa-%d8%af%db%8c%d9%81%d8%b1%d8%a7%d8%b3%d8%aa-90-%d8%b3%db%8c-%d8%b3%db%8c/",
      "image": "https://defrost.ir/shop/wp-content/uploads/2019/02/20-600x600.jpg",
      "description": ""
    },
    {
      "name": "المنت دیفراست 90 سی سی",
      "url": "https://defrost.ir/shop/product/%d8%a7%d9%84%d9%85%d9%86%d8%aa-%d8%af%db%8c%d9%81%d8%b1%d8%a7%d8%b3%d8%aa-90-%d8%b3%db%8c-%d8%b3%db%8c/",
      "image": "https://defrost.ir/shop/wp-content/uploads/2019/02/20-600x600.jpg",
      "description": ""
    },
    {
      "name": "المنت زانوسی",
      "url": "https://defrost.ir/shop/product/tablet-cover/",
      "image": "https://defrost.ir/shop/wp-content/uploads/2014/10/321-600x600.jpg",
      "description": ""
    },
    {
      "name": "المنت زانوسی",
      "url": "https://defrost.ir/shop/product/tablet-cover/",
      "image": "https://defrost.ir/shop/wp-content/uploads/2014/10/321-600x600.jpg",
      "description": ""
    },
    {
      "name": "المنت سامسونگ قدیمی 12 خط",
      "url": "https://defrost.ir/shop/product/%d8%a7%d9%84%d9%85%d9%86%d8%aa-%d8%b3%d8%a7%d9%85%d8%b3%d9%88%d9%86%da%af-%d9%82%d8%af%db%8c%d9%85%db%8c-12-%d8%ae%d8%b7/",
      "image": "https://defrost.ir/shop/wp-content/uploads/2022/09/سام-12-خط-600x600.jpg",
      "description": ""
    },
    {
      "name": "المنت سامسونگ قدیمی 12 خط",
      "url": "https://defrost.ir/shop/product/%d8%a7%d9%84%d9%85%d9%86%d8%aa-%d8%b3%d8%a7%d9%85%d8%b3%d9%88%d9%86%da%af-%d9%82%d8%af%db%8c%d9%85%db%8c-12-%d8%ae%d8%b7/",
      "image": "https://defrost.ir/shop/wp-content/uploads/2022/09/سام-12-خط-600x600.jpg",
      "description": ""
    },
    {
      "name": "المنت سامسونگ قدیمی 14 خط",
      "url": "https://defrost.ir/shop/product/%d8%a7%d9%84%d9%85%d9%86%d8%aa-%d8%b3%d8%a7%d9%85%d8%b3%d9%88%d9%86%da%af-%d9%82%d8%af%db%8c%d9%85%db%8c-14-%d8%ae%d8%b7/",
      "image": "https://defrost.ir/shop/wp-content/uploads/2022/09/سام14خط-600x600.jpg",
      "description": ""
    },
    {
      "name": "المنت سامسونگ قدیمی 14 خط",
      "url": "https://defrost.ir/shop/product/%d8%a7%d9%84%d9%85%d9%86%d8%aa-%d8%b3%d8%a7%d9%85%d8%b3%d9%88%d9%86%da%af-%d9%82%d8%af%db%8c%d9%85%db%8c-14-%d8%ae%d8%b7/",
      "image": "https://defrost.ir/shop/wp-content/uploads/2022/09/سام14خط-600x600.jpg",
      "description": ""
    },
    {
      "name": "المنت سامسونگ قدیمی 16 خط",
      "url": "https://defrost.ir/shop/product/%d8%a7%d9%84%d9%85%d9%86%d8%aa-%d8%b3%d8%a7%d9%85%d8%b3%d9%88%d9%86%da%af-%d9%82%d8%af%db%8c%d9%85%db%8c-16-%d8%ae%d8%b7/",
      "image": "https://defrost.ir/shop/wp-content/uploads/2022/09/المنت-سام-قدیمی16خط-600x600.jpg",
      "description": ""
    },
    {
      "name": "المنت سامسونگ قدیمی 16 خط",
      "url": "https://defrost.ir/shop/product/%d8%a7%d9%84%d9%85%d9%86%d8%aa-%d8%b3%d8%a7%d9%85%d8%b3%d9%88%d9%86%da%af-%d9%82%d8%af%db%8c%d9%85%db%8c-16-%d8%ae%d8%b7/",
      "image": "https://defrost.ir/shop/wp-content/uploads/2022/09/المنت-سام-قدیمی16خط-600x600.jpg",
      "description": ""
    },
    {
      "name": "المنت سامسونگ مدل RT",
      "url": "https://defrost.ir/shop/product/%d8%a7%d9%84%d9%85%d9%86%d8%aa-%d8%b3%d8%a7%d9%85%d8%b3%d9%88%d9%86%da%af-%d9%85%d8%af%d9%84-rt/",
      "image": "https://defrost.ir/shop/wp-content/uploads/2022/09/RT-600x600.jpg",
      "description": ""
    },
    {
      "name": "المنت سامسونگ مدل RT",
      "url": "https://defrost.ir/shop/product/%d8%a7%d9%84%d9%85%d9%86%d8%aa-%d8%b3%d8%a7%d9%85%d8%b3%d9%88%d9%86%da%af-%d9%85%d8%af%d9%84-rt/",
      "image": "https://defrost.ir/shop/wp-content/uploads/2022/09/RT-600x600.jpg",
      "description": ""
    },
    {
      "name": "المنت سامسونگ مدل RT45 – هیتاچی",
      "url": "https://defrost.ir/shop/product/%d8%a7%d9%84%d9%85%d9%86%d8%aa-%d8%b3%d8%a7%d9%85%d8%b3%d9%88%d9%86%da%af-%d9%85%d8%af%d9%84-rt45-%d9%87%db%8c%d8%aa%d8%a7%da%86%db%8c/",
      "image": "https://defrost.ir/shop/wp-content/uploads/2022/09/RT45-600x600.jpg",
      "description": ""
    },
    {
      "name": "المنت سامسونگ مدل RT45 – هیتاچی",
      "url": "https://defrost.ir/shop/product/%d8%a7%d9%84%d9%85%d9%86%d8%aa-%d8%b3%d8%a7%d9%85%d8%b3%d9%88%d9%86%da%af-%d9%85%d8%af%d9%84-rt45-%d9%87%db%8c%d8%aa%d8%a7%da%86%db%8c/",
      "image": "https://defrost.ir/shop/wp-content/uploads/2022/09/RT45-600x600.jpg",
      "description": ""
    },
    {
      "name": "المنت سامسونگ مدل هرمس",
      "url": "https://defrost.ir/shop/product/cube-5-32gb/",
      "image": "https://defrost.ir/shop/wp-content/uploads/2014/11/331-600x600.jpg",
      "description": ""
    },
    {
      "name": "المنت سامسونگ مدل هرمس",
      "url": "https://defrost.ir/shop/product/cube-5-32gb/",
      "image": "https://defrost.ir/shop/wp-content/uploads/2014/11/331-600x600.jpg",
      "description": ""
    },
    {
      "name": "المنت سامی 46",
      "url": "https://defrost.ir/shop/product/%d8%a7%d9%84%d9%85%d9%86%d8%aa-%d8%b3%d8%a7%d9%85%db%8c-46/",
      "image": "https://defrost.ir/shop/wp-content/uploads/2022/09/سامی46-600x600.jpg",
      "description": ""
    },
    {
      "name": "المنت سامی 46",
      "url": "https://defrost.ir/shop/product/%d8%a7%d9%84%d9%85%d9%86%d8%aa-%d8%b3%d8%a7%d9%85%db%8c-46/",
      "image": "https://defrost.ir/shop/wp-content/uploads/2022/09/سامی46-600x600.jpg",
      "description": ""
    },
    {
      "name": "المنت ساید سامسونگ مدل کوچک",
      "url": "https://defrost.ir/shop/product/%d8%a7%d9%84%d9%85%d9%86%d8%aa-%d8%b3%d8%a7%db%8c%d8%af-%d8%b3%d8%a7%d9%85%d8%b3%d9%88%d9%86%da%af-%d9%85%d8%af%d9%84-%da%a9%d9%88%da%86%da%a9/",
      "image": "https://defrost.ir/shop/wp-content/uploads/2022/09/سام-کوچک-600x600.jpg",
      "description": ""
    },
    {
      "name": "المنت ساید سامسونگ مدل کوچک",
      "url": "https://defrost.ir/shop/product/%d8%a7%d9%84%d9%85%d9%86%d8%aa-%d8%b3%d8%a7%db%8c%d8%af-%d8%b3%d8%a7%d9%85%d8%b3%d9%88%d9%86%da%af-%d9%85%d8%af%d9%84-%da%a9%d9%88%da%86%da%a9/",
      "image": "https://defrost.ir/shop/wp-content/uploads/2022/09/سام-کوچک-600x600.jpg",
      "description": ""
    },
    {
      "name": "المنت ساید سامسونگU دار متوسط",
      "url": "https://defrost.ir/shop/product/%d8%a7%d9%84%d9%85%d9%86%d8%aa-%d8%b3%d8%a7%db%8c%d8%af-%d8%b3%d8%a7%d9%85%d8%b3%d9%88%d9%86%da%afu-%d8%af%d8%a7%d8%b1-%d9%85%d8%aa%d9%88%d8%b3%d8%b7/",
      "image": "https://defrost.ir/shop/wp-content/uploads/2022/09/المنت-سایدیودار-600x600.jpg",
      "description": ""
    },
    {
      "name": "المنت ساید سامسونگU دار متوسط",
      "url": "https://defrost.ir/shop/product/%d8%a7%d9%84%d9%85%d9%86%d8%aa-%d8%b3%d8%a7%db%8c%d8%af-%d8%b3%d8%a7%d9%85%d8%b3%d9%88%d9%86%da%afu-%d8%af%d8%a7%d8%b1-%d9%85%d8%aa%d9%88%d8%b3%d8%b7/",
      "image": "https://defrost.ir/shop/wp-content/uploads/2022/09/المنت-سایدیودار-600x600.jpg",
      "description": ""
    },
    {
      "name": "المنت سینجر آکاردئونی",
      "url": "https://defrost.ir/shop/product/sate-c600/",
      "image": "https://defrost.ir/shop/wp-content/uploads/2014/10/326-600x600.jpg",
      "description": ""
    },
    {
      "name": "المنت سینجر آکاردئونی",
      "url": "https://defrost.ir/shop/product/sate-c600/",
      "image": "https://defrost.ir/shop/wp-content/uploads/2014/10/326-600x600.jpg",
      "description": ""
    },
    {
      "name": "المنت شیشه ای 10 اینچ",
      "url": "https://defrost.ir/shop/product/%d8%a7%d9%84%d9%85%d9%86%d8%aa-%d8%b4%db%8c%d8%b4%d9%87-%d8%a7%db%8c-18-%d8%a7%db%8c%d9%86%da%86/",
      "image": "https://defrost.ir/shop/wp-content/uploads/2019/01/هیترشیشه-ای-10-600x600.jpg",
      "description": ""
    },
    {
      "name": "المنت شیشه ای 10 اینچ",
      "url": "https://defrost.ir/shop/product/%d8%a7%d9%84%d9%85%d9%86%d8%aa-%d8%b4%db%8c%d8%b4%d9%87-%d8%a7%db%8c-18-%d8%a7%db%8c%d9%86%da%86/",
      "image": "https://defrost.ir/shop/wp-content/uploads/2019/01/هیترشیشه-ای-10-600x600.jpg",
      "description": ""
    },
    {
      "name": "المنت شیشه ای 20 اینچ",
      "url": "https://defrost.ir/shop/product/%d8%a7%d9%84%d9%85%d9%86%d8%aa-%d8%b4%db%8c%d8%b4%d9%87-%d8%a7%db%8c-20-%d8%a7%db%8c%d9%86%da%86/",
      "image": "https://defrost.ir/shop/wp-content/uploads/2019/01/هیترشیشه-ای-20-600x600.jpg",
      "description": ""
    },
    {
      "name": "المنت شیشه ای 20 اینچ",
      "url": "https://defrost.ir/shop/product/%d8%a7%d9%84%d9%85%d9%86%d8%aa-%d8%b4%db%8c%d8%b4%d9%87-%d8%a7%db%8c-20-%d8%a7%db%8c%d9%86%da%86/",
      "image": "https://defrost.ir/shop/wp-content/uploads/2019/01/هیترشیشه-ای-20-600x600.jpg",
      "description": ""
    },
    {
      "name": "المنت شیشه ای 22 اینچ",
      "url": "https://defrost.ir/shop/product/%d8%a7%d9%84%d9%85%d9%86%d8%aa-%d8%b4%db%8c%d8%b4%d9%87-%d8%a7%db%8c-22-%d8%a7%db%8c%d9%86%da%86/",
      "image": "https://defrost.ir/shop/wp-content/uploads/2019/01/هیترشیشه-ای-22-600x600.jpg",
      "description": ""
    },
    {
      "name": "المنت شیشه ای 22 اینچ",
      "url": "https://defrost.ir/shop/product/%d8%a7%d9%84%d9%85%d9%86%d8%aa-%d8%b4%db%8c%d8%b4%d9%87-%d8%a7%db%8c-22-%d8%a7%db%8c%d9%86%da%86/",
      "image": "https://defrost.ir/shop/wp-content/uploads/2019/01/هیترشیشه-ای-22-600x600.jpg",
      "description": ""
    },
    {
      "name": "المنت فریزر ساید سامسونگ",
      "url": "https://defrost.ir/shop/product/camera-aoh-35/",
      "image": "https://defrost.ir/shop/wp-content/uploads/2014/11/328-600x600.jpg",
      "description": ""
    },
    {
      "name": "المنت فریزر ساید سامسونگ",
      "url": "https://defrost.ir/shop/product/camera-aoh-35/",
      "image": "https://defrost.ir/shop/wp-content/uploads/2014/11/328-600x600.jpg",
      "description": ""
    },
    {
      "name": "المنت فریزر هیمالیا",
      "url": "https://defrost.ir/shop/product/%d8%a7%d9%84%d9%85%d9%86%d8%aa-%d9%81%d8%b1%db%8c%d8%b2%d8%b1-%d9%87%db%8c%d9%85%d8%a7%d9%84%db%8c%d8%a7/",
      "image": "https://defrost.ir/shop/wp-content/uploads/2022/09/فریزر10خط-600x600.jpg",
      "description": ""
    },
    {
      "name": "المنت فریزر هیمالیا",
      "url": "https://defrost.ir/shop/product/%d8%a7%d9%84%d9%85%d9%86%d8%aa-%d9%81%d8%b1%db%8c%d8%b2%d8%b1-%d9%87%db%8c%d9%85%d8%a7%d9%84%db%8c%d8%a7/",
      "image": "https://defrost.ir/shop/wp-content/uploads/2022/09/فریزر10خط-600x600.jpg",
      "description": ""
    },
    {
      "name": "المنت فریزری الکترواستیل و ایرانشرق",
      "url": "https://defrost.ir/shop/product/unisex-quartz-watch/",
      "image": "https://defrost.ir/shop/wp-content/uploads/2014/11/315-600x600.jpg",
      "description": ""
    },
    {
      "name": "المنت فریزری الکترواستیل و ایرانشرق",
      "url": "https://defrost.ir/shop/product/unisex-quartz-watch/",
      "image": "https://defrost.ir/shop/wp-content/uploads/2014/11/315-600x600.jpg",
      "description": ""
    },
    {
      "name": "المنت قایقی سامسونگ 12 خط",
      "url": "https://defrost.ir/shop/product/%d8%a7%d9%84%d9%85%d9%86%d8%aa-%d9%82%d8%a7%db%8c%d9%82%db%8c-%d8%b3%d8%a7%d9%85%d8%b3%d9%88%d9%86%da%af-12-%d8%ae%d8%b7/",
      "image": "https://defrost.ir/shop/wp-content/uploads/2022/09/قایقی12خط-600x600.jpg",
      "description": ""
    },
    {
      "name": "المنت قایقی سامسونگ 12 خط",
      "url": "https://defrost.ir/shop/product/%d8%a7%d9%84%d9%85%d9%86%d8%aa-%d9%82%d8%a7%db%8c%d9%82%db%8c-%d8%b3%d8%a7%d9%85%d8%b3%d9%88%d9%86%da%af-12-%d8%ae%d8%b7/",
      "image": "https://defrost.ir/shop/wp-content/uploads/2022/09/قایقی12خط-600x600.jpg",
      "description": ""
    },
    {
      "name": "المنت قایقی سامسونگ 16 خط",
      "url": "https://defrost.ir/shop/product/%d8%a7%d9%84%d9%85%d9%86%d8%aa-%d9%82%d8%a7%db%8c%d9%82%db%8c-%d8%b3%d8%a7%d9%85%d8%b3%d9%88%d9%86%da%af-16-%d8%ae%d8%b7/",
      "image": "https://defrost.ir/shop/wp-content/uploads/2022/09/قایقی16خط-600x600.jpg",
      "description": ""
    },
    {
      "name": "المنت قایقی سامسونگ 16 خط",
      "url": "https://defrost.ir/shop/product/%d8%a7%d9%84%d9%85%d9%86%d8%aa-%d9%82%d8%a7%db%8c%d9%82%db%8c-%d8%b3%d8%a7%d9%85%d8%b3%d9%88%d9%86%da%af-16-%d8%ae%d8%b7/",
      "image": "https://defrost.ir/shop/wp-content/uploads/2022/09/قایقی16خط-600x600.jpg",
      "description": ""
    },
    {
      "name": "المنت میله ای 120 سی سی",
      "url": "https://defrost.ir/shop/product/%d8%a7%d9%84%d9%85%d9%86%d8%aa-%d9%85%db%8c%d9%84%d9%87-%d8%a7%db%8c-120-%d8%b3%db%8c-%d8%b3%db%8c/",
      "image": "https://defrost.ir/shop/wp-content/uploads/2019/02/124-600x600.jpg",
      "description": ""
    },
    {
      "name": "المنت میله ای 120 سی سی",
      "url": "https://defrost.ir/shop/product/%d8%a7%d9%84%d9%85%d9%86%d8%aa-%d9%85%db%8c%d9%84%d9%87-%d8%a7%db%8c-120-%d8%b3%db%8c-%d8%b3%db%8c/",
      "image": "https://defrost.ir/shop/wp-content/uploads/2019/02/124-600x600.jpg",
      "description": ""
    },
    {
      "name": "المنت هیمالیا 530 طرح جدید",
      "url": "https://defrost.ir/shop/product/%d8%a7%d9%84%d9%85%d9%86%d8%aa-%d9%87%db%8c%d9%85%d8%a7%d9%84%db%8c%d8%a7-530-%d8%b7%d8%b1%d8%ad-%d8%ac%d8%af%db%8c%d8%af/",
      "image": "https://defrost.ir/shop/wp-content/uploads/2022/09/530جدید-600x600.jpg",
      "description": ""
    },
    {
      "name": "المنت هیمالیا 530 طرح جدید",
      "url": "https://defrost.ir/shop/product/%d8%a7%d9%84%d9%85%d9%86%d8%aa-%d9%87%db%8c%d9%85%d8%a7%d9%84%db%8c%d8%a7-530-%d8%b7%d8%b1%d8%ad-%d8%ac%d8%af%db%8c%d8%af/",
      "image": "https://defrost.ir/shop/wp-content/uploads/2022/09/530جدید-600x600.jpg",
      "description": ""
    },
    {
      "name": "المنت هیمالیا 530 طرح قدیم",
      "url": "https://defrost.ir/shop/product/%d8%a7%d9%84%d9%85%d9%86%d8%aa-%d9%87%db%8c%d9%85%d8%a7%d9%84%db%8c%d8%a7-530-%d8%b7%d8%b1%d8%ad-%d9%82%d8%af%db%8c%d9%85/",
      "image": "https://defrost.ir/shop/wp-content/uploads/2022/09/530قدیم-600x600.jpg",
      "description": ""
    },
    {
      "name": "المنت هیمالیا 530 طرح قدیم",
      "url": "https://defrost.ir/shop/product/%d8%a7%d9%84%d9%85%d9%86%d8%aa-%d9%87%db%8c%d9%85%d8%a7%d9%84%db%8c%d8%a7-530-%d8%b7%d8%b1%d8%ad-%d9%82%d8%af%db%8c%d9%85/",
      "image": "https://defrost.ir/shop/wp-content/uploads/2022/09/530قدیم-600x600.jpg",
      "description": ""
    },
    {
      "name": "المنت هیمالیا لوله 4",
      "url": "https://defrost.ir/shop/product/camera-bag/",
      "image": "https://defrost.ir/shop/wp-content/uploads/2014/10/323-600x600.jpg",
      "description": ""
    },
    {
      "name": "المنت هیمالیا لوله 4",
      "url": "https://defrost.ir/shop/product/camera-bag/",
      "image": "https://defrost.ir/shop/wp-content/uploads/2014/10/323-600x600.jpg",
      "description": ""
    },
    {
      "name": "المنت چسبی تی کوچک",
      "url": "https://defrost.ir/shop/product/kingaci-smart/",
      "image": "https://defrost.ir/shop/wp-content/uploads/2014/10/335-600x600.jpg",
      "description": ""
    },
    {
      "name": "المنت چسبی تی کوچک",
      "url": "https://defrost.ir/shop/product/kingaci-smart/",
      "image": "https://defrost.ir/shop/wp-content/uploads/2014/10/335-600x600.jpg",
      "description": ""
    },
    {
      "name": "المنت چسبی درین دار 50 * 10",
      "url": "https://defrost.ir/shop/product/notebook-x55/",
      "image": "https://defrost.ir/shop/wp-content/uploads/2014/10/336-600x600.jpg",
      "description": ""
    },
    {
      "name": "المنت چسبی درین دار 50 * 10",
      "url": "https://defrost.ir/shop/product/notebook-x55/",
      "image": "https://defrost.ir/shop/wp-content/uploads/2014/10/336-600x600.jpg",
      "description": ""
    },
    {
      "name": "المنت چسبی دمپر نیکسان",
      "url": "https://defrost.ir/shop/product/%d8%a7%d9%84%d9%85%d9%86%d8%aa-%da%86%d8%b3%d8%a8%db%8c-%d8%af%d9%85%d9%be%d8%b1-%d9%86%db%8c%da%a9%d8%b3%d8%a7%d9%86/",
      "image": "https://defrost.ir/shop/wp-content/uploads/2022/05/دمپر-نیکسان-600x600.jpg",
      "description": ""
    },
    {
      "name": "المنت چسبی دمپر نیکسان",
      "url": "https://defrost.ir/shop/product/%d8%a7%d9%84%d9%85%d9%86%d8%aa-%da%86%d8%b3%d8%a8%db%8c-%d8%af%d9%85%d9%be%d8%b1-%d9%86%db%8c%da%a9%d8%b3%d8%a7%d9%86/",
      "image": "https://defrost.ir/shop/wp-content/uploads/2022/05/دمپر-نیکسان-600x600.jpg",
      "description": ""
    },
    {
      "name": "المنت چسبی دولایه 180cc",
      "url": "https://defrost.ir/shop/product/%d8%a7%d9%84%d9%85%d9%86%d8%aa-%da%86%d8%b3%d8%a8%db%8c-%d8%af%d9%88%d9%84%d8%a7%db%8c%d9%87-180cc/",
      "image": "https://defrost.ir/shop/wp-content/uploads/2022/05/180cc-600x600.jpg",
      "description": ""
    },
    {
      "name": "المنت چسبی دولایه 180cc",
      "url": "https://defrost.ir/shop/product/%d8%a7%d9%84%d9%85%d9%86%d8%aa-%da%86%d8%b3%d8%a8%db%8c-%d8%af%d9%88%d9%84%d8%a7%db%8c%d9%87-180cc/",
      "image": "https://defrost.ir/shop/wp-content/uploads/2022/05/180cc-600x600.jpg",
      "description": ""
    },
    {
      "name": "المنت چسبی سینجر بزرگ",
      "url": "https://defrost.ir/shop/product/%d8%a7%d9%84%d9%85%d9%86%d8%aa-%da%86%d8%b3%d8%a8%db%8c-%d9%87%db%8c%d9%85%d8%a7%d9%84%db%8c%d8%a7/",
      "image": "https://defrost.ir/shop/wp-content/uploads/2018/02/309-600x600.jpg",
      "description": ""
    },
    {
      "name": "المنت چسبی سینجر بزرگ",
      "url": "https://defrost.ir/shop/product/%d8%a7%d9%84%d9%85%d9%86%d8%aa-%da%86%d8%b3%d8%a8%db%8c-%d9%87%db%8c%d9%85%d8%a7%d9%84%db%8c%d8%a7/",
      "image": "https://defrost.ir/shop/wp-content/uploads/2018/02/309-600x600.jpg",
      "description": ""
    },
    {
      "name": "المنت گرد 5 متری لوله 4 و 6",
      "url": "https://defrost.ir/shop/product/%d8%a7%d9%84%d9%85%d9%86%d8%aa-%da%af%d8%b1%d8%af-5-%d9%85%d8%aa%d8%b1%db%8c-%d9%84%d9%88%d9%84%d9%87-6/",
      "image": "https://defrost.ir/shop/wp-content/uploads/2019/01/1-600x600.jpg",
      "description": ""
    },
    {
      "name": "المنت گرد 5 متری لوله 4 و 6",
      "url": "https://defrost.ir/shop/product/%d8%a7%d9%84%d9%85%d9%86%d8%aa-%da%af%d8%b1%d8%af-5-%d9%85%d8%aa%d8%b1%db%8c-%d9%84%d9%88%d9%84%d9%87-6/",
      "image": "https://defrost.ir/shop/wp-content/uploads/2019/01/1-600x600.jpg",
      "description": ""
    },
    {
      "name": "المنت گرد 6 متری لوله 4 و 6",
      "url": "https://defrost.ir/shop/product/%d8%a7%d9%84%d9%85%d9%86%d8%aa-%da%af%d8%b1%d8%af-6-%d9%85%d8%aa%d8%b1%db%8c-%d9%84%d9%88%d9%84%d9%87-6/",
      "image": "https://defrost.ir/shop/wp-content/uploads/2019/01/1-600x600.jpg",
      "description": ""
    },
    {
      "name": "المنت گرد 6 متری لوله 4 و 6",
      "url": "https://defrost.ir/shop/product/%d8%a7%d9%84%d9%85%d9%86%d8%aa-%da%af%d8%b1%d8%af-6-%d9%85%d8%aa%d8%b1%db%8c-%d9%84%d9%88%d9%84%d9%87-6/",
      "image": "https://defrost.ir/shop/wp-content/uploads/2019/01/1-600x600.jpg",
      "description": ""
    },
    {
      "name": "المنت گرد 7 متری لوله 4 و 6",
      "url": "https://defrost.ir/shop/product/%d8%a7%d9%84%d9%85%d9%86%d8%aa-%da%af%d8%b1%d8%af-7-%d9%85%d8%aa%d8%b1%db%8c-%d9%84%d9%88%d9%84%d9%87-6/",
      "image": "https://defrost.ir/shop/wp-content/uploads/2019/01/1-600x600.jpg",
      "description": ""
    },
    {
      "name": "المنت گرد 7 متری لوله 4 و 6",
      "url": "https://defrost.ir/shop/product/%d8%a7%d9%84%d9%85%d9%86%d8%aa-%da%af%d8%b1%d8%af-7-%d9%85%d8%aa%d8%b1%db%8c-%d9%84%d9%88%d9%84%d9%87-6/",
      "image": "https://defrost.ir/shop/wp-content/uploads/2019/01/1-600x600.jpg",
      "description": ""
    },
    {
      "name": "المنت گرد 8 متری لوله 4 و 6",
      "url": "https://defrost.ir/shop/product/%d8%a7%d9%84%d9%85%d9%86%d8%aa-%da%af%d8%b1%d8%af-8-%d9%85%d8%aa%d8%b1%db%8c-%d9%84%d9%88%d9%84%d9%87-6/",
      "image": "https://defrost.ir/shop/wp-content/uploads/2019/01/1-600x600.jpg",
      "description": ""
    },
    {
      "name": "المنت گرد 8 متری لوله 4 و 6",
      "url": "https://defrost.ir/shop/product/%d8%a7%d9%84%d9%85%d9%86%d8%aa-%da%af%d8%b1%d8%af-8-%d9%85%d8%aa%d8%b1%db%8c-%d9%84%d9%88%d9%84%d9%87-6/",
      "image": "https://defrost.ir/shop/wp-content/uploads/2019/01/1-600x600.jpg",
      "description": ""
    },
    {
      "name": "المنت یخچال الکترواستیل و ایرانشرق",
      "url": "https://defrost.ir/shop/product/dbbs-headphones/",
      "image": "https://defrost.ir/shop/wp-content/uploads/2014/11/316-600x600.jpg",
      "description": ""
    },
    {
      "name": "المنت یخچال الکترواستیل و ایرانشرق",
      "url": "https://defrost.ir/shop/product/dbbs-headphones/",
      "image": "https://defrost.ir/shop/wp-content/uploads/2014/11/316-600x600.jpg",
      "description": ""
    },
    {
      "name": "المنت یخچال بکو _ آرچلیک",
      "url": "https://defrost.ir/shop/product/hybrid-pad/",
      "image": "https://defrost.ir/shop/wp-content/uploads/2014/10/327-600x600.jpg",
      "description": ""
    },
    {
      "name": "المنت یخچال بکو _ آرچلیک",
      "url": "https://defrost.ir/shop/product/hybrid-pad/",
      "image": "https://defrost.ir/shop/wp-content/uploads/2014/10/327-600x600.jpg",
      "description": ""
    },
    {
      "name": "المنت یخچال فریزر اکسپریال و برانت",
      "url": "https://defrost.ir/shop/product/wireless-headset/",
      "image": "https://defrost.ir/shop/wp-content/uploads/2014/11/314-600x600.jpg",
      "description": ""
    },
    {
      "name": "المنت یخچال فریزر اکسپریال و برانت",
      "url": "https://defrost.ir/shop/product/wireless-headset/",
      "image": "https://defrost.ir/shop/wp-content/uploads/2014/11/314-600x600.jpg",
      "description": ""
    },
    {
      "name": "المنت یخچال فریزر سامسونگ",
      "url": "https://defrost.ir/shop/product/%d8%a7%d9%84%d9%85%d9%86%d8%aa-%db%8c%d8%ae%da%86%d8%a7%d9%84-%d9%81%d8%b1%db%8c%d8%b2%d8%b1-%d8%b3%d8%a7%d9%85%d8%b3%d9%88%d9%86%da%af/",
      "image": "https://defrost.ir/shop/wp-content/uploads/2022/09/1-600x600.jpg",
      "description": ""
    },
    {
      "name": "المنت یخچال فریزر سامسونگ",
      "url": "https://defrost.ir/shop/product/%d8%a7%d9%84%d9%85%d9%86%d8%aa-%db%8c%d8%ae%da%86%d8%a7%d9%84-%d9%81%d8%b1%db%8c%d8%b2%d8%b1-%d8%b3%d8%a7%d9%85%d8%b3%d9%88%d9%86%da%af/",
      "image": "https://defrost.ir/shop/wp-content/uploads/2022/09/1-600x600.jpg",
      "description": ""
    },
    {
      "name": "المنت یخچال فریزر پارس",
      "url": "https://defrost.ir/shop/product/poseid-armchair/",
      "image": "https://defrost.ir/shop/wp-content/uploads/2014/10/317-600x600.jpg",
      "description": ""
    },
    {
      "name": "المنت یخچال فریزر پارس",
      "url": "https://defrost.ir/shop/product/poseid-armchair/",
      "image": "https://defrost.ir/shop/wp-content/uploads/2014/10/317-600x600.jpg",
      "description": ""
    },
    {
      "name": "المنت یو الکترواستیل 350 وات",
      "url": "https://defrost.ir/shop/product/%d8%a7%d9%84%d9%85%d9%86%d8%aa-%db%8c%d9%88-%d8%a7%d9%84%da%a9%d8%aa%d8%b1%d9%88%d8%a7%d8%b3%d8%aa%db%8c%d9%84-350-%d9%88%d8%a7%d8%aa/",
      "image": "https://defrost.ir/shop/wp-content/uploads/2019/02/22-600x600.jpg",
      "description": ""
    },
    {
      "name": "المنت یو الکترواستیل 350 وات",
      "url": "https://defrost.ir/shop/product/%d8%a7%d9%84%d9%85%d9%86%d8%aa-%db%8c%d9%88-%d8%a7%d9%84%da%a9%d8%aa%d8%b1%d9%88%d8%a7%d8%b3%d8%aa%db%8c%d9%84-350-%d9%88%d8%a7%d8%aa/",
      "image": "https://defrost.ir/shop/wp-content/uploads/2019/02/22-600x600.jpg",
      "description": ""
    },
    {
      "name": "قفل چسبی یخچال",
      "url": "https://defrost.ir/shop/product/diva-glasses/",
      "image": "https://defrost.ir/shop/wp-content/uploads/2014/11/341-600x600.jpg",
      "description": ""
    },
    {
      "name": "قفل چسبی یخچال",
      "url": "https://defrost.ir/shop/product/diva-glasses/",
      "image": "https://defrost.ir/shop/wp-content/uploads/2014/11/341-600x600.jpg",
      "description": ""
    }
  ]
}