{
  "category_name": "threeson page",
  "category_url": "https://defrost.ir/shop/product-category/spare-parts-for-refrigerators/threeson-page/",
  "products": [
    {
      "name": "صفحه تریزون 120cc لوله بلند",
      "url": "https://defrost.ir/shop/product/%d8%b5%d9%81%d8%ad%d9%87-%d8%aa%d8%b1%db%8c%d8%b2%d9%88%d9%86-120cc-%d9%84%d9%88%d9%84%d9%87-%d8%a8%d9%84%d9%86%d8%af/",
      "image": "https://defrost.ir/shop/wp-content/uploads/2022/05/120لوله-بلند-600x600.jpg",
      "description": ""
    },
    {
      "name": "صفحه تریزون 120cc لوله بلند",
      "url": "https://defrost.ir/shop/product/%d8%b5%d9%81%d8%ad%d9%87-%d8%aa%d8%b1%db%8c%d8%b2%d9%88%d9%86-120cc-%d9%84%d9%88%d9%84%d9%87-%d8%a8%d9%84%d9%86%d8%af/",
      "image": "https://defrost.ir/shop/wp-content/uploads/2022/05/120لوله-بلند-600x600.jpg",
      "description": ""
    },
    {
      "name": "صفحه تریزون 180cc ساکشن دار",
      "url": "https://defrost.ir/shop/product/%d8%b5%d9%81%d8%ad%d9%87-%d8%aa%d8%b1%db%8c%d8%b2%d9%88%d9%86-180cc-%d8%b3%d8%a7%da%a9%d8%b4%d9%86-%d8%af%d8%a7%d8%b1/",
      "image": "https://defrost.ir/shop/wp-content/uploads/2022/05/180ساکشندار-600x600.jpg",
      "description": ""
    },
    {
      "name": "صفحه تریزون 180cc ساکشن دار",
      "url": "https://defrost.ir/shop/product/%d8%b5%d9%81%d8%ad%d9%87-%d8%aa%d8%b1%db%8c%d8%b2%d9%88%d9%86-180cc-%d8%b3%d8%a7%da%a9%d8%b4%d9%86-%d8%af%d8%a7%d8%b1/",
      "image": "https://defrost.ir/shop/wp-content/uploads/2022/05/180ساکشندار-600x600.jpg",
      "description": ""
    },
    {
      "name": "صفحه تریزون 200cc ساکشن دار",
      "url": "https://defrost.ir/shop/product/%d8%b5%d9%81%d8%ad%d9%87-%d8%aa%d8%b1%db%8c%d8%b2%d9%88%d9%86-200cc-%d8%b3%d8%a7%da%a9%d8%b4%d9%86-%d8%af%d8%a7%d8%b1/",
      "image": "https://defrost.ir/shop/wp-content/uploads/2022/05/200ساکشندار-600x600.jpg",
      "description": ""
    },
    {
      "name": "صفحه تریزون 200cc ساکشن دار",
      "url": "https://defrost.ir/shop/product/%d8%b5%d9%81%d8%ad%d9%87-%d8%aa%d8%b1%db%8c%d8%b2%d9%88%d9%86-200cc-%d8%b3%d8%a7%da%a9%d8%b4%d9%86-%d8%af%d8%a7%d8%b1/",
      "image": "https://defrost.ir/shop/wp-content/uploads/2022/05/200ساکشندار-600x600.jpg",
      "description": ""
    },
    {
      "name": "صفحه تریزون 250 سی سی",
      "url": "https://defrost.ir/shop/product/%d8%b5%d9%81%d8%ad%d9%87-%d8%aa%d8%b1%db%8c%d8%b2%d9%88%d9%86-250-%d8%b3%db%8c-%d8%b3%db%8c/",
      "image": "https://defrost.ir/shop/wp-content/uploads/2018/01/1-1-600x600.jpg",
      "description": ""
    },
    {
      "name": "صفحه تریزون 250 سی سی",
      "url": "https://defrost.ir/shop/product/%d8%b5%d9%81%d8%ad%d9%87-%d8%aa%d8%b1%db%8c%d8%b2%d9%88%d9%86-250-%d8%b3%db%8c-%d8%b3%db%8c/",
      "image": "https://defrost.ir/shop/wp-content/uploads/2018/01/1-1-600x600.jpg",
      "description": ""
    },
    {
      "name": "صفحه تریزون 250cc ساکشن دار تک لول",
      "url": "https://defrost.ir/shop/product/%d8%b5%d9%81%d8%ad%d9%87-%d8%aa%d8%b1%db%8c%d8%b2%d9%88%d9%86-250cc-%d8%b3%d8%a7%da%a9%d8%b4%d9%86-%d8%af%d8%a7%d8%b1/",
      "image": "https://defrost.ir/shop/wp-content/uploads/2022/05/250ساکشندار-600x600.jpg",
      "description": ""
    },
    {
      "name": "صفحه تریزون 250cc ساکشن دار تک لول",
      "url": "https://defrost.ir/shop/product/%d8%b5%d9%81%d8%ad%d9%87-%d8%aa%d8%b1%db%8c%d8%b2%d9%88%d9%86-250cc-%d8%b3%d8%a7%da%a9%d8%b4%d9%86-%d8%af%d8%a7%d8%b1/",
      "image": "https://defrost.ir/shop/wp-content/uploads/2022/05/250ساکشندار-600x600.jpg",
      "description": ""
    },
    {
      "name": "صفحه تریزون 300cc",
      "url": "https://defrost.ir/shop/product/%d8%b5%d9%81%d8%ad%d9%87-%d8%aa%d8%b1%db%8c%d8%b2%d9%88%d9%86-300cc/",
      "image": "https://defrost.ir/shop/wp-content/uploads/2022/05/صفحه300-600x600.jpg",
      "description": ""
    },
    {
      "name": "صفحه تریزون 300cc",
      "url": "https://defrost.ir/shop/product/%d8%b5%d9%81%d8%ad%d9%87-%d8%aa%d8%b1%db%8c%d8%b2%d9%88%d9%86-300cc/",
      "image": "https://defrost.ir/shop/wp-content/uploads/2022/05/صفحه300-600x600.jpg",
      "description": ""
    },
    {
      "name": "صفحه تریزون 5 فوت ساکشن دار L",
      "url": "https://defrost.ir/shop/product/%d8%b5%d9%81%d8%ad%d9%87-%d8%aa%d8%b1%db%8c%d8%b2%d9%88%d9%86-5-%d9%81%d9%88%d8%aa-%d8%b3%d8%a7%da%a9%d8%b4%d9%86-%d8%af%d8%a7%d8%b1-l/",
      "image": "https://defrost.ir/shop/wp-content/uploads/2022/05/5فوت-ساکشن-دارL-600x600.jpg",
      "description": ""
    },
    {
      "name": "صفحه تریزون 5 فوت ساکشن دار L",
      "url": "https://defrost.ir/shop/product/%d8%b5%d9%81%d8%ad%d9%87-%d8%aa%d8%b1%db%8c%d8%b2%d9%88%d9%86-5-%d9%81%d9%88%d8%aa-%d8%b3%d8%a7%da%a9%d8%b4%d9%86-%d8%af%d8%a7%d8%b1-l/",
      "image": "https://defrost.ir/shop/wp-content/uploads/2022/05/5فوت-ساکشن-دارL-600x600.jpg",
      "description": ""
    },
    {
      "name": "صفحه تریزون 5 فوت ساکشن دار U",
      "url": "https://defrost.ir/shop/product/%d8%b5%d9%81%d8%ad%d9%87-%d8%aa%d8%b1%db%8c%d8%b2%d9%88%d9%86-5-%d9%81%d9%88%d8%aa-%d8%b3%d8%a7%da%a9%d8%b4%d9%86-%d8%af%d8%a7%d8%b1-u/",
      "image": "https://defrost.ir/shop/wp-content/uploads/2022/05/صفحه5فوت-ساکشن-دارu-600x600.jpg",
      "description": ""
    },
    {
      "name": "صفحه تریزون 5 فوت ساکشن دار U",
      "url": "https://defrost.ir/shop/product/%d8%b5%d9%81%d8%ad%d9%87-%d8%aa%d8%b1%db%8c%d8%b2%d9%88%d9%86-5-%d9%81%d9%88%d8%aa-%d8%b3%d8%a7%da%a9%d8%b4%d9%86-%d8%af%d8%a7%d8%b1-u/",
      "image": "https://defrost.ir/shop/wp-content/uploads/2022/05/صفحه5فوت-ساکشن-دارu-600x600.jpg",
      "description": ""
    },
    {
      "name": "صفحه تریزون 70cc هیمالیایی",
      "url": "https://defrost.ir/shop/product/%d8%b5%d9%81%d8%ad%d9%87-%d8%aa%d8%b1%db%8c%d8%b2%d9%88%d9%86-%d9%87%db%8c%d9%85%d8%a7%d9%84%db%8c%d8%a7%db%8c%db%8c/",
      "image": "https://defrost.ir/shop/wp-content/uploads/2019/02/21-600x600.jpg",
      "description": ""
    },
    {
      "name": "صفحه تریزون 70cc هیمالیایی",
      "url": "https://defrost.ir/shop/product/%d8%b5%d9%81%d8%ad%d9%87-%d8%aa%d8%b1%db%8c%d8%b2%d9%88%d9%86-%d9%87%db%8c%d9%85%d8%a7%d9%84%db%8c%d8%a7%db%8c%db%8c/",
      "image": "https://defrost.ir/shop/wp-content/uploads/2019/02/21-600x600.jpg",
      "description": ""
    },
    {
      "name": "صفحه تریزون 80cc لوله بغل",
      "url": "https://defrost.ir/shop/product/%d8%b5%d9%81%d8%ad%d9%87-%d8%aa%d8%b1%db%8c%d8%b2%d9%88%d9%86-80cc-%d9%84%d9%88%d9%84%d9%87-%d8%a8%d8%ba%d9%84/",
      "image": "https://defrost.ir/shop/wp-content/uploads/2019/03/9-600x600.jpg",
      "description": ""
    },
    {
      "name": "صفحه تریزون 80cc لوله بغل",
      "url": "https://defrost.ir/shop/product/%d8%b5%d9%81%d8%ad%d9%87-%d8%aa%d8%b1%db%8c%d8%b2%d9%88%d9%86-80cc-%d9%84%d9%88%d9%84%d9%87-%d8%a8%d8%ba%d9%84/",
      "image": "https://defrost.ir/shop/wp-content/uploads/2019/03/9-600x600.jpg",
      "description": ""
    },
    {
      "name": "صفحه تریزون 90cc لوله بغل",
      "url": "https://defrost.ir/shop/product/%d8%b5%d9%81%d8%ad%d9%87-%d8%aa%d8%b1%db%8c%d8%b2%d9%88%d9%86-90cc-%d9%84%d9%88%d9%84%d9%87-%d8%a8%d8%ba%d9%84/",
      "image": "https://defrost.ir/shop/wp-content/uploads/woocommerce-placeholder-600x600.png",
      "description": ""
    },
    {
      "name": "صفحه تریزون 90cc لوله بغل",
      "url": "https://defrost.ir/shop/product/%d8%b5%d9%81%d8%ad%d9%87-%d8%aa%d8%b1%db%8c%d8%b2%d9%88%d9%86-90cc-%d9%84%d9%88%d9%84%d9%87-%d8%a8%d8%ba%d9%84/",
      "image": "https://defrost.ir/shop/wp-content/uploads/woocommerce-placeholder-600x600.png",
      "description": ""
    },
    {
      "name": "صفحه تریزون 90cc لوله بلند",
      "url": "https://defrost.ir/shop/product/%d8%b5%d9%81%d8%ad%d9%87-%d8%aa%d8%b1%db%8c%d8%b2%d9%88%d9%86-90cc-%d9%84%d9%88%d9%84%d9%87-%d8%a8%d9%84%d9%86%d8%af/",
      "image": "https://defrost.ir/shop/wp-content/uploads/2019/03/8-600x600.jpg",
      "description": ""
    },
    {
      "name": "صفحه تریزون 90cc لوله بلند",
      "url": "https://defrost.ir/shop/product/%d8%b5%d9%81%d8%ad%d9%87-%d8%aa%d8%b1%db%8c%d8%b2%d9%88%d9%86-90cc-%d9%84%d9%88%d9%84%d9%87-%d8%a8%d9%84%d9%86%d8%af/",
      "image": "https://defrost.ir/shop/wp-content/uploads/2019/03/8-600x600.jpg",
      "description": ""
    },
    {
      "name": "صفحه تریزون ارج باریک",
      "url": "https://defrost.ir/shop/product/%d8%b5%d9%81%d8%ad%d9%87-%d8%aa%d8%b1%db%8c%d8%b2%d9%88%d9%86-%d8%a7%d8%b1%d8%ac-%d8%a8%d8%a7%d8%b1%db%8c%da%a9/",
      "image": "https://defrost.ir/shop/wp-content/uploads/2022/05/صفحه-ارجی-600x600.jpg",
      "description": ""
    },
    {
      "name": "صفحه تریزون ارج باریک",
      "url": "https://defrost.ir/shop/product/%d8%b5%d9%81%d8%ad%d9%87-%d8%aa%d8%b1%db%8c%d8%b2%d9%88%d9%86-%d8%a7%d8%b1%d8%ac-%d8%a8%d8%a7%d8%b1%db%8c%da%a9/",
      "image": "https://defrost.ir/shop/wp-content/uploads/2022/05/صفحه-ارجی-600x600.jpg",
      "description": ""
    },
    {
      "name": "صفحه تریزون بکو",
      "url": "https://defrost.ir/shop/product/%d8%b5%d9%81%d8%ad%d9%87-%d8%aa%d8%b1%db%8c%d8%b2%d9%88%d9%86-%d8%a8%da%a9%d9%88/",
      "image": "https://defrost.ir/shop/wp-content/uploads/2022/05/صفحه-بکو-600x600.jpg",
      "description": ""
    },
    {
      "name": "صفحه تریزون بکو",
      "url": "https://defrost.ir/shop/product/%d8%b5%d9%81%d8%ad%d9%87-%d8%aa%d8%b1%db%8c%d8%b2%d9%88%d9%86-%d8%a8%da%a9%d9%88/",
      "image": "https://defrost.ir/shop/wp-content/uploads/2022/05/صفحه-بکو-600x600.jpg",
      "description": ""
    }
  ]
}