{
  "category_name": {
    "fa": "لوله موئی",
    "en": "Capillary Tube",
    "ar": "أنبوب شعري",
    "ru": "Капиллярная трубка",
    "ur": "کپلاریٹیوب",
    "kk": "Капиллярлы труба",
    "ku": "کپلاریٹیوب",
    "hy": "Մոլկալյակային գոգակ",
    "tr": "Kapiler Boru"
  },
  "category_url": "https://defrost.ir/shop/product-category/spare-parts-for-refrigerators/capillary-tube/",
  "products": [
    {
      "name": {
        "fa": "لوله موئی 1 اسب آبی",
        "en": "Capillary Tube 1 Blue Horsepower",
        "ar": "أنبوب شعري 1 حصان أزرق",
        "ru": "Капиллярная трубка 1 синего цвета",
        "ur": "کپلاریٹیوب 1 حصان آبی",
        "kk": "Капиллярлы труба 1 синего цвета",
        "ku": "کپلاریٹیوب 1 حصان آبی",
        "hy": "Մոլկալյակային գոգակ 1 անգամ",
        "tr": "Kapiler Boru 1 Mavi Beygir Gücü"
      },
      "url": "https://defrost.ir/shop/product/%d9%84%d9%88%d9%84%d9%87-%d9%85%d9%88%d8%a6%db%8c-1-%d8%a7%d8%b3%d8%a8-%d8%a2%d8%a8%db%8c/",
      "image": "https://defrost.ir/shop/wp-content/uploads/2020/09/1آبی-600x600.jpg",
      "description": {
        "fa": "",
        "en": "",
        "ar": "",
        "ru": "",
        "ur": "",
        "kk": "",
        "ku": "",
        "hy": "",
        "tr": ""
      }
    },
    {
      "name": {
        "fa": "لوله موئی 1 اسب آبی",
        "en": "Capillary Tube 1 Blue Horsepower",
        "ar": "أنبوب شعري 1 حصان أزرق",
        "ru": "Капиллярная трубка 1 синего цвета",
        "ur": "کپلاریٹیوب 1 حصان آبی",
        "kk": "Капиллярлы труба 1 синего цвета",
        "ku": "کپلاریٹیوب 1 حصان آبی",
        "hy": "Մոլկալյակային գոգակ 1 անգամ",
        "tr": "Kapiler Boru 1 Mavi Beygir Gücü"
      },
      "url": "https://defrost.ir/shop/product/%d9%84%d9%88%d9%84%d9%87-%d9%85%d9%88%d8%a6%db%8c-1-%d8%a7%d8%b3%d8%a8-%d8%a2%d8%a8%db%8c/",
      "image": "https://defrost.ir/shop/wp-content/uploads/2020/09/1آبی-600x600.jpg",
      "description": {
        "fa": "",
        "en": "",
        "ar": "",
        "ru": "",
        "ur": "",
        "kk": "",
        "ku": "",
        "hy": "",
        "tr": ""
      }
    },
    {
      "name": {
        "fa": "لوله موئی 1 اسب قرمز",
        "en": "Capillary Tube 1 Red Horsepower",
        "ar": "أنبوب شعري 1 حصان أحمر",
        "ru": "Капиллярная трубка 1 красного цвета",
        "ur": "کپلاریٹیوب 1 حصان قرمز",
        "kk": "Капиллярлы труба 1 красного цвета",
        "ku": "کپلاریٹیوب 1 حصان قرمز",
        "hy": "Մոլկալյակային գոգակ 1 անգամ",
        "tr": ""
      },
      "url": "https://defrost.ir/shop/product/%d9%84%d9%88%d9%84%d9%87-%d9%85%d9%88%d8%a6%db%8c-1-%d8%a7%d8%b3%d8%a8-%d9%82%d8%b1%d9%85%d8%b2/",
      "image": "https://defrost.ir/shop/wp-content/uploads/2020/09/1قرمز-600x600.jpg",
      "description": {
        "fa": "",
        "en": "",
        "ar": "",
        "ru": "",
        "ur": "",
        "kk": "",
        "ku": "",
        "hy": "",
        "tr": ""
      }
    },
    {
      "name": {
        "fa": "لوله موئی 1 اسب قرمز",
        "en": "Capillary Tube 1 Red Horsepower",
        "ar": "أنبوب شعري 1 حصان أحمر",
        "ru": "Капиллярная трубка 1 красного цвета",
        "ur": "کپلاریٹیوب 1 حصان قرمز",
        "kk": "Капиллярлы труба 1 красного цвета",
        "ku": "کپلاریٹیوب 1 حصان قرمز",
        "hy": "Մոլկալյակային գոգակ 1 անգամ",
        "tr": ""
      },
      "url": "https://defrost.ir/shop/product/%d9%84%d9%88%d9%84%d9%87-%d9%85%d9%88%d8%a6%db%8c-1-%d8%a7%d8%b3%d8%a8-%d9%82%d8%b1%d9%85%d8%b2/",
      "image": "https://defrost.ir/shop/wp-content/uploads/2020/09/1قرمز-600x600.jpg",
      "description": {
        "fa": "",
        "en": "",
        "ar": "",
        "ru": "",
        "ur": "",
        "kk": "",
        "ku": "",
        "hy": "",
        "tr": ""
      }
    },
    {
      "name": {
        "fa": "لوله موئی 1/10",
        "en": "Capillary Tube 1/10",
        "ar": "أنبوب شعري 1/10",
        "ru": "Капиллярная трубка 1/10",
        "ur": "کپلاریٹیوب 1/10",
        "kk": "Капиллярлы труба 1/10",
        "ku": "کپلاریٹیوب 1/10",
        "hy": "Մոլկալյակային գոգակ 1/10",
        "tr": ""
      },
      "url": "https://defrost.ir/shop/product/%d9%84%d9%88%d9%84%d9%87-%d9%85%d9%88%d8%a6%db%8c-1-10/",
      "image": "https://defrost.ir/shop/wp-content/uploads/2020/09/110-600x600.jpg",
      "description": {
        "fa": "",
        "en": "",
        "ar": "",
        "ru": "",
        "ur": "",
        "kk": "",
        "ku": "",
        "hy": "",
        "tr": ""
      }
    },
    {
      "name": {
        "fa": "لوله موئی 1/10",
        "en": "Capillary Tube 1/10",
        "ar": "أنبوب شعري 1/10",
        "ru": "Капиллярная трубка 1/10",
        "ur": "کپلاریٹیوب 1/10",
        "kk": "Капиллярлы труба 1/10",
        "ku": "کپلاریٹیوب 1/10",
        "hy": "Մոլկալյակային գոգակ 1/10",
        "tr": ""
      },
      "url": "https://defrost.ir/shop/product/%d9%84%d9%88%d9%84%d9%87-%d9%85%d9%88%d8%a6%db%8c-1-10/",
      "image": "https://defrost.ir/shop/wp-content/uploads/2020/09/110-600x600.jpg",
      "description": {
        "fa": "",
        "en": "",
        "ar": "",
        "ru": "",
        "ur": "",
        "kk": "",
        "ku": "",
        "hy": "",
        "tr": ""
      }
    },
    {
      "name": {
        "fa": "لوله موئی 1/2 آبی",
        "en": "Capillary Tube 1/2 Blue",
        "ar": "أنبوب شعري 1/2 أزرق",
        "ru": "Капиллярная трубка 1/2 синего цвета",
        "ur": "کپلاریٹیوب 1/2 آبی",
        "kk": "Капиллярлы труба 1/2 синего цвета",
        "ku": "کپلاریٹیوب 1/2 آبی",
        "hy": "Մոլկալյակային գոգակ 1/2 անգամ",
        "tr": ""
      },
      "url": "https://defrost.ir/shop/product/%d9%84%d9%88%d9%84%d9%87-%d9%85%d9%88%d8%a6%db%8c-1-2-%d8%a2%d8%a8%db%8c/",
      "image": "https://defrost.ir/shop/wp-content/uploads/2020/09/12آبی-600x600.jpg",
      "description": {
        "fa": "",
        "en": "",
        "ar": "",
        "ru": "",
        "ur": "",
        "kk": "",
        "ku": "",
        "hy": "",
        "tr": ""
      }
    },
    {
      "name": {
        "fa": "لوله موئی 1/2 آبی",
        "en": "Capillary Tube 1/2 Blue",
        "ar": "أنبوب شعري 1/2 أزرق",
        "ru": "Капиллярная трубка 1/2 синего цвета",
        "ur": "کپلاریٹیوب 1/2 آبی",
        "kk": "Капиллярлы труба 1/2 синего цвета",
        "ku": "کپلاریٹیوب 1/2 آبی",
        "hy": "Մոլկալյակային գոգակ 1/2 անգամ",
        "tr": ""
      },
      "url": "https://defrost.ir/shop/product/%d9%84%d9%88%d9%84%d9%87-%d9%85%d9%88%d8%a6%db%8c-1-2-%d8%a2%d8%a8%db%8c/",
      "image": "https://defrost.ir/shop/wp-content/uploads/2020/09/12آبی-600x600.jpg",
      "description": {
        "fa": "",
        "en": "",
        "ar": "",
        "ru": "",
        "ur": "",
        "kk": "",
        "ku": "",
        "hy": "",
        "tr": ""
      }
    },
    {
      "name": {
        "fa": "لوله موئی 1/2 قرمز",
        "en": "Capillary Tube 1/2 Red",
        "ar": "أنبوب شعري 1/2 أحمر",
        "ru": "Капиллярная трубка 1/2 красного цвета",
        "ur": "کپلاریٹیوب 1/2 قرمز",
        "kk": "Капиллярлы труба 1/2 красного цвета",
        "ku": "کپلاریٹیوب 1/2 قرمز",
        "hy": "Մոլկալյակային գոգակ 1/2 անգամ",
        "tr": ""
      },
      "url": "https://defrost.ir/shop/product/%d9%84%d9%88%d9%84%d9%87-%d9%85%d9%88%d8%a6%db%8c-1-2-%d9%82%d8%b1%d9%85%d8%b2/",
      "image": "https://defrost.ir/shop/wp-content/uploads/2020/09/12قرمز-600x600.jpg",
      "description": {
        "fa": "",
        "en": "",
        "ar": "",
        "ru": "",
        "ur": "",
        "kk": "",
        "ku": "",
        "hy": "",
        "tr": ""
      }
    },
    {
      "name": {
        "fa": "لوله موئی 1/2 قرمز",
        "en": "Capillary Tube 1/2 Red",
        "ar": "أنبوب شعري 1/2 أحمر",
        "ru": "Капиллярная трубка 1/2 красного цвета",
        "ur": "کپلاریٹیوب 1/2 قرمز",
        "kk": "Капиллярлы труба 1/2 красного цвета",
        "ku": "کپلاریٹیوب 1/2 قرمز",
        "hy": "Մոլկալյակային գոգակ 1/2 անգամ",
        "tr": ""
      },
      "url": "https://defrost.ir/shop/product/%d9%84%d9%88%d9%84%d9%87-%d9%85%d9%88%d8%a6%db%8c-1-2-%d9%82%d8%b1%d9%85%d8%b2/",
      "image": "https://defrost.ir/shop/wp-content/uploads/2020/09/12قرمز-600x600.jpg",
      "description": {
        "fa": "",
        "en": "",
        "ar": "",
        "ru": "",
        "ur": "",
        "kk": "",
        "ku": "",
        "hy": "",
        "tr": ""
      }
    },
    {
      "name": {
        "fa": "لوله موئی 1/3 آبی",
        "en": "Capillary Tube 1/3 Blue",
        "ar": "أنبوب شعري 1/3 أزرق",
        "ru": "Капиллярная трубка 1/3 синего цвета",
        "ur": "کپلاریٹیوب 1/3 آبی",
        "kk": "Капиллярлы труба 1/3 синего цвета",
        "ku": "کپلاریٹیوب 1/3 آبی",
        "hy": "Մոլկալյակային գոգակ 1/3 անգամ",
        "tr": ""
      },
      "url": "https://defrost.ir/shop/product/%d9%84%d9%88%d9%84%d9%87-%d9%85%d9%88%d8%a6%db%8c-1-3-%d8%a2%d8%a8%db%8c/",
      "image": "https://defrost.ir/shop/wp-content/uploads/2020/09/13آبی-600x600.jpg",
      "description": {
        "fa": "",
        "en": "",
        "ar": "",
        "ru": "",
        "ur": "",
        "kk": "",
        "ku": "",
        "hy": "",
        "tr": ""
      }
    },
    {
      "name": {
        "fa": "لوله موئی 1/3 آبی",
        "en": "Capillary Tube 1/3 Blue",
        "ar": "أنبوب شعري 1/3 أزرق",
        "ru": "Капиллярная трубка 1/3 синего цвета",
        "ur": "کپلاریٹیوب 1/3 آبی",
        "kk": "Капиллярлы труба 1/3 синего цвета",
        "ku": "کپلاریٹیوب 1/3 آبی",
        "hy": "Մոլկալյակային գոգակ 1/3 անգամ",
        "tr": ""
      },
      "url": "https://defrost.ir/shop/product/%d9%84%d9%88%d9%84%d9%87-%d9%85%d9%88%d8%a6%db%8c-1-3-%d8%a2%d8%a8%db%8c/",
      "image": "https://defrost.ir/shop/wp-content/uploads/2020/09/13آبی-600x600.jpg",
      "description": {
        "fa": "",
        "en": "",
        "ar": "",
        "ru": "",
        "ur": "",
        "kk": "",
        "ku": "",
        "hy": "",
        "tr": ""
      }
    },
    {
      "name": {
        "fa": "لوله موئی 1/3 قرمز",
        "en": "Capillary Tube 1/3 Red",
        "ar": "أنبوب شعري 1/3 أحمر",
        "ru": "Капиллярная трубка 1/3 красного цвета",
        "ur": "کپلاریٹیوب 1/3 قرمز",
        "kk": "Капиллярлы труба 1/3 красного цвета",
        "ku": "کپلاریٹیوب 1/3 قرمز",
        "hy": "Մոլկալյակային գոգակ 1/3 անգամ",
        "tr": ""
      },
      "url": "https://defrost.ir/shop/product/%d9%84%d9%88%d9%84%d9%87-%d9%85%d9%88%d8%a6%db%8c-1-3-%d9%82%d8%b1%d9%85%d8%b2/",
      "image": "https://defrost.ir/shop/wp-content/uploads/2020/09/13قرمز-600x600.jpg",
      "description": {
        "fa": "",
        "en": "",
        "ar": "",
        "ru": "",
        "ur": "",
        "kk": "",
        "ku": "",
        "hy": "",
        "tr": ""
      }
    },
    {
      "name": {
        "fa": "لوله موئی 1/3 قرمز",
        "en": "Capillary Tube 1/3 Red",
        "ar": "أنبوب شعري 1/3 أحمر",
        "ru": "Капиллярная трубка 1/3 красного цвета",
        "ur": "کپلاریٹیوب 1/3 قرمز",
        "kk": "Капиллярлы труба 1/3 красного цвета",
        "ku": "کپلاریٹیوب 1/3 قرمز",
        "hy": "Մոլկալյակային գոգակ 1/3 անգամ",
        "tr": ""
      },
      "url": "https://defrost.ir/shop/product/%d9%84%d9%88%d9%84%d9%87-%d9%85%d9%88%d8%a6%db%8c-1-3-%d9%82%d8%b1%d9%85%d8%b2/",
      "image": "https://defrost.ir/shop/wp-content/uploads/2020/09/13قرمز-600x600.jpg",
      "description": {
        "fa": "",
        "en": "",
        "ar": "",
        "ru": "",
        "ur": "",
        "kk": "",
        "ku": "",
        "hy": "",
        "tr": ""
      }
    },
    {
      "name": {
        "fa": "لوله موئی 1/4",
        "en": "Capillary Tube 1/4",
        "ar": "أنبوب شعري 1/4",
        "ru": "Капиллярная трубка 1/4",
        "ur": "کپلاریٹیوب 1/4",
        "kk": "Капиллярлы труба 1/4",
        "ku": "کپلاریٹیوب 1/4",
        "hy": "Մոլկալյակային գոգակ 1/4",
        "tr": ""
      },
      "url": "https://defrost.ir/shop/product/%d9%84%d9%88%d9%84%d9%87-%d9%85%d9%88%d8%a6%db%8c-1-4/",
      "image": "https://defrost.ir/shop/wp-content/uploads/2020/09/لوله-موئی-14-1-600x600.jpg",
      "description": {
        "fa": "",
        "en": "",
        "ar": "",
        "ru": "",
        "ur": "",
        "kk": "",
        "ku": "",
        "hy": "",
        "tr": ""
      }
    },
    {
      "name": {
        "fa": "لوله موئی 1/4",
        "en": "Capillary Tube 1/4",
        "ar": "أنبوب شعري 1/4",
        "ru": "Капиллярная трубка 1/4",
        "ur": "کپلاریٹیوب 1/4",
        "kk": "Капиллярлы труба 1/4",
        "ku": "کپلاریٹیوب 1/4",
        "hy": "Մոլկալյակային գոգակ 1/4",
        "tr": ""
      },
      "url": "https://defrost.ir/shop/product/%d9%84%d9%88%d9%84%d9%87-%d9%85%d9%88%d8%a6%db%8c-1-4/",
      "image": "https://defrost.ir/shop/wp-content/uploads/2020/09/لوله-موئی-14-1-600x600.jpg",
      "description": {
        "fa": "",
        "en": "",
        "ar": "",
        "ru": "",
        "ur": "",
        "kk": "",
        "ku": "",
        "hy": "",
        "tr": ""
      }
    },
    {
      "name": {
        "fa": "لوله موئی 1/5",
        "en": "Capillary Tube 1/5",
        "ar": "أنبوب شعري 1/5",
        "ru": "Капиллярная трубка 1/5",
        "ur": "کپلاریٹیوب 1/5",
        "kk": "Капиллярлы труба 1/5",
        "ku": "کپلاریٹیوب 1/5",
        "hy": "Մոլկալյակային գոգակ 1/5",
        "tr": ""
      },
      "url": "https://defrost.ir/shop/product/%d9%84%d9%88%d9%84%d9%87-%d9%85%d9%88%d8%a6%db%8c-1-5/",
      "image": "https://defrost.ir/shop/wp-content/uploads/2020/09/15-600x600.jpg",
      "description": {
        "fa": "",
        "en": "",
        "ar": "",
        "ru": "",
        "ur": "",
        "kk": "",
        "ku": "",
        "hy": "",
        "tr": ""
      }
    },
    {
      "name": {
        "fa": "لوله موئی 1/5",
        "en": "Capillary Tube 1/5",
        "ar": "أنبوب شعري 1/5",
        "ru": "Капиллярная трубка 1/5",
        "ur": "کپلاریٹیوب 1/5",
        "kk": "Капиллярлы труба 1/5",
        "ku": "کپلاریٹیوب 1/5",
        "hy": "Մոլկալյակային գոգակ 1/5",
        "tr": ""
      },
      "url": "https://defrost.ir/shop/product/%d9%84%d9%88%d9%84%d9%87-%d9%85%d9%88%d8%a6%db%8c-1-5/",
      "image": "https://defrost.ir/shop/wp-content/uploads/2020/09/15-600x600.jpg",
      "description": {
        "fa": "",
        "en": "",
        "ar": "",
        "ru": "",
        "ur": "",
        "kk": "",
        "ku": "",
        "hy": "",
        "tr": ""
      }
    },
    {
      "name": {
        "fa": "لوله موئی 1/6",
        "en": "Capillary Tube 1/6",
        "ar": "أنبوب شعري 1/6",
        "ru": "Капиллярная трубка 1/6",
        "ur": "کپلاریٹیوب 1/6",
        "kk": "Капиллярлы труба 1/6",
        "ku": "کپلاریٹیوب 1/6",
        "hy": "Մոլկալյակային գոգակ 1/6",
        "tr": ""
      },
      "url": "https://defrost.ir/shop/product/%d9%84%d9%88%d9%84%d9%87-%d9%85%d9%88%d8%a6%db%8c-1-6/",
      "image": "https://defrost.ir/shop/wp-content/uploads/2020/09/لوله-موئی-16-1-600x600.jpg",
      "description": {
        "fa": "",
        "en": "",
        "ar": "",
        "ru": "",
        "ur": "",
        "kk": "",
        "ku": "",
        "hy": "",
        "tr": ""
      }
    },
    {
      "name": {
        "fa": "لوله موئی 1/6",
        "en": "Capillary Tube 1/6",
        "ar": "أنبوب شعري 1/6",
        "ru": "Капиллярная трубка 1/6",
        "ur": "کپلاریٹیوب 1/6",
        "kk": "Капиллярлы труба 1/6",
        "ku": "کپلاریٹیوب 1/6",
        "hy": "Մոլկալյակային գոգակ 1/6",
        "tr": ""
      },
      "url": "https://defrost.ir/shop/product/%d9%84%d9%88%d9%84%d9%87-%d9%85%d9%88%d8%a6%db%8c-1-6/",
      "image": "https://defrost.ir/shop/wp-content/uploads/2020/09/لوله-موئی-16-1-600x600.jpg",
      "description": {
        "fa": "",
        "en": "",
        "ar": "",
        "ru": "",
        "ur": "",
        "kk": "",
        "ku": "",
        "hy": "",
        "tr": ""
      }
    },
    {
      "name": {
        "fa": "لوله موئی 1/8",
        "en": "Capillary Tube 1/8",
        "ar": "أنبوب شعري 1/8",
        "ru": "Капиллярная трубка 1/8",
        "ur": "کپلاریٹیوب 1/8",
        "kk": "Капиллярлы труба 1/8",
        "ku": "کپلاریٹیوب 1/8",
        "hy": "Մոլկալյակային գոգակ 1/8",
        "tr": ""
      },
      "url": "https://defrost.ir/shop/product/%d9%84%d9%88%d9%84%d9%87-%d9%85%d9%88%d8%a6%db%8c-1-8/",
      "image": "https://defrost.ir/shop/wp-content/uploads/2020/09/لوله-موئی-18-600x600.jpg",
      "description": {
        "fa": "",
        "en": "",
        "ar": "",
        "ru": "",
        "ur": "",
        "kk": "",
        "ku": "",
        "hy": "",
        "tr": ""
      }
    },
    {
      "name": {
        "fa": "لوله موئی 1/8",
        "en": "Capillary Tube 1/8",
        "ar": "أنبوب شعري 1/8",
        "ru": "Капиллярная трубка 1/8",
        "ur": "کپلاریٹیوب 1/8",
        "kk": "Капиллярлы труба 1/8",
        "ku": "کپلاریٹیوب 1/8",
        "hy": "Մոլկալյակային գոգակ 1/8",
        "tr": ""
      },
      "url": "https://defrost.ir/shop/product/%d9%84%d9%88%d9%84%d9%87-%d9%85%d9%88%d8%a6%db%8c-1-8/",
      "image": "https://defrost.ir/shop/wp-content/uploads/2020/09/لوله-موئی-18-600x600.jpg",
      "description": {
        "fa": "",
        "en": "",
        "ar": "",
        "ru": "",
        "ur": "",
        "kk": "",
        "ku": "",
        "hy": "",
        "tr": ""
      }
    },
    {
      "name": {
        "fa": "لوله موئی 3/4 آبی",
        "en": "Capillary Tube 3/4 Blue",
        "ar": "أنبوب شعري 3/4 أزرق",
        "ru": "Капиллярная трубка 3/4 синего цвета",
        "ur": "کپلاریٹیوب 3/4 آبی",
        "kk": "Капиллярлы труба 3/4 синего цвета",
        "ku": "کپلاریٹیوب 3/4 آبی",
        "hy": "Մոլկալյակային գոգակ 3/4 անգամ",
        "tr": ""
      },
      "url": "https://defrost.ir/shop/product/%d9%84%d9%88%d9%84%d9%87-%d9%85%d9%88%d8%a6%db%8c-3-4-%d8%a2%d8%a8%db%8c/",
      "image": "https://defrost.ir/shop/wp-content/uploads/2020/09/34آبی-600x600.jpg",
      "description": {
        "fa": "",
        "en": "",
        "ar": "",
        "ru": "",
        "ur": "",
        "kk": "",
        "ku": "",
        "hy": "",
        "tr": ""
      }
    },
    {
      "name": {
        "fa": "لوله موئی 3/4 آبی",
        "en": "Capillary Tube 3/4 Blue",
        "ar": "أنبوب شعري 3/4 أزرق",
        "ru": "Капиллярная трубка 3/4 синего цвета",
        "ur": "کپلاریٹیوب 3/4 آبی",
        "kk": "Капиллярлы труба 3/4 синего цвета",
        "ku": "کپلاریٹیوب 3/4 آبی",
        "hy": "Մոլկալյակային գոգակ 3/4 անգամ",
        "tr": ""
      },
      "url": "https://defrost.ir/shop/product/%d9%84%d9%88%d9%84%d9%87-%d9%85%d9%88%d8%a6%db%8c-3-4-%d8%a2%d8%a8%db%8c/",
      "image": "https://defrost.ir/shop/wp-content/uploads/2020/09/34آبی-600x600.jpg",
      "description": {
        "fa": "",
        "en": "",
        "ar": "",
        "ru": "",
        "ur": "",
        "kk": "",
        "ku": "",
        "hy": "",
        "tr": ""
      }
    },
    {
      "name": {
        "fa": "لوله موئی 3/4 قرمز",
        "en": "Capillary Tube 3/4 Red",
        "ar": "أنبوب شعري 3/4 أحمر",
        "ru": "Капиллярная трубка 3/4 красного цвета",
        "ur": "کپلاریٹیوب 3/4 قرمز",
        "kk": "Капиллярлы труба 3/4 красного цвета",
        "ku": "کپلاریٹیوب 3/4 قرمز",
        "hy": "Մոլկալյակային գոգակ 3/4 անգամ",
        "tr": ""
      },
      "url": "https://defrost.ir/shop/product/%d9%84%d9%88%d9%84%d9%87-%d9%85%d9%88%d8%a6%db%8c-3-4-%d9%82%d8%b1%d9%85%d8%b2/",
      "image": "https://defrost.ir/shop/wp-content/uploads/2020/09/لوله-موئی-34-قرمز-1-600x600.jpg",
      "description": {
        "fa": "",
        "en": "",
        "ar": "",
        "ru": "",
        "ur": "",
        "kk": "",
        "ku": "",
        "hy": "",
        "tr": ""
      }
    },
    {
      "name": {
        "fa": "لوله موئی 3/4 قرمز",
        "en": "Capillary Tube 3/4 Red",
        "ar": "أنبوب شعري 3/4 أحمر",
        "ru": "Капиллярная трубка 3/4 красного цвета",
        "ur": "کپلاریٹیوب 3/4 قرمز",
        "kk": "Капиллярлы труба 3/4 красного цвета",
        "ku": "کپلاریٹیوب 3/4 قرمز",
        "hy": "Մոլկալյակային գոգակ 3/4 անգամ",
        "tr": ""
      },
      "url": "https://defrost.ir/shop/product/%d9%84%d9%88%d9%84%d9%87-%d9%85%d9%88%d8%a6%db%8c-3-4-%d9%82%d8%b1%d9%85%d8%b2/",
      "image": "https://defrost.ir/shop/wp-content/uploads/2020/09/لوله-موئی-34-قرمز-1-600x600.jpg",
      "description": {
        "fa": "",
        "en": "",
        "ar": "",
        "ru": "",
        "ur": "",
        "kk": "",
        "ku": "",
        "hy": "",
        "tr": ""
      }
    },
    {
      "name": {
        "fa": "لوله مویی دو سر مهره ای",
        "en": "Capillary Tube Double Nut Ends",
        "ar": "أنبوب شعري ذو نهايتين بمسمار",
        "ru": "Капиллярная трубка с двойным концом",
        "ur": "کپلاریٹیوب ذو نهايتين بمسمار",
        "kk": "Капиллярлы труба с двойным концом",
        "ku": "کپلاریٹیوب ذو نهايتين بمسمار",
        "hy": "Մոլկալյակային գոգակ հետևյակով",
        "tr": ""
      },
      "url": "https://defrost.ir/shop/product/%d9%84%d9%88%d9%84%d9%87-%d9%85%d9%88%db%8c%db%8c-%d8%af%d9%88-%d8%b3%d8%b1-%d9%85%d9%87%d8%b1%d9%87-%d8%a7%db%8c/",
      "image": "https://defrost.ir/shop/wp-content/uploads/2018/02/312-600x600.jpg",
      "description": {
        "fa": "",
        "en": "",
        "ar": "",
        "ru": "",
        "ur": "",
        "kk": "",
        "ku": "",
        "hy": "",
        "tr": ""
      }
    },
    {
      "name": {
        "fa": "لوله مویی دو سر مهره ای",
        "en": "Capillary Tube Double Nut Ends",
        "ar": "أنبوب شعري ذو نهايتين بمسمار",
        "ru": "Капиллярная трубка с двойным концом",
        "ur": "کپلاریٹیوب ذو نهايتين بمسمار",
        "kk": "Капиллярлы труба с двойным концом",
        "ku": "کپلاریٹیوب ذو نهايتين بمسمار",
        "hy": "Մոլկալյակային գոգակ հետևյակով",
        "tr": ""
      },
      "url": "https://defrost.ir/shop/product/%d9%84%d9%88%d9%84%d9%87-%d9%85%d9%88%db%8c%db%8c-%d8%af%d9%88-%d8%b3%d8%b1-%d9%85%d9%87%d8%b1%d9%87-%d8%a7%db%8c/",
      "image": "https://defrost.ir/shop/wp-content/uploads/2018/02/312-600x600.jpg",
      "description": {
        "fa": "",
        "en": "",
        "ar": "",
        "ru": "",
        "ur": "",
        "kk": "",
        "ku": "",
        "hy": "",
        "tr": ""
      }
    }
  ]
}