{
  "category_name": {
    "fa": "تایمر",
    "en": "Timer",
    "ar": "مؤقت",
    "ru": "Таймер",
    "ur": "ٹائمر",
    "ku": "تایمر",
    "tr": "Zamanlayıcı"
  },
  "category_url": "https://defrost.ir/shop/product-category/spare-parts-for-refrigerators/timer/",
  "products": [
    {
      "name": {
        "fa": "تایمر تنظیمی دیبا",
        "en": "Diba Adjustable Timer",
        "ar": "مؤقت ديبا قابل التعديل",
        "ru": "Регулируемый таймер Diba",
        "ur": "دیبا کی تنظیمی ٹائمر",
        "ku": "تنظیمی دیبا قابل التعديل",
        "tr": "Diba Ayarlanabilir Zamanlayıcı"
      },
      "url": "https://defrost.ir/shop/product/%d8%aa%d8%a7%db%8c%d9%85%d8%b1-%d8%aa%d9%86%d8%b8%db%8c%d9%85%db%8c/",
      "image": "https://defrost.ir/shop/wp-content/uploads/2019/01/4-600x600.jpg",
      "description": {
        "fa": "",
        "en": "",
        "ar": "",
        "ru": "",
        "ur": "",
        "ku": "",
        "tr": ""
      }
    },
    {
      "name": {
        "fa": "تایمر تنظیمی دیبا",
        "en": "Diba Adjustable Timer",
        "ar": "مؤقت ديبا قابل التعديل",
        "ru": "Регулируемый таймер Diba",
        "ur": "دیبا کی تنظیمی ٹائمر",
        "ku": "تنظیمی دیبا قابل التعديل",
        "tr": "Diba Ayarlanabilir Zamanlayıcı"
      },
      "url": "https://defrost.ir/shop/product/%d8%aa%d8%a7%db%8c%d9%85%d8%b1-%d8%aa%d9%86%d8%b8%db%8c%d9%85%db%8c/",
      "image": "https://defrost.ir/shop/wp-content/uploads/2019/01/4-600x600.jpg",
      "description": {
        "fa": "",
        "en": "",
        "ar": "",
        "ru": "",
        "ur": "",
        "ku": "",
        "tr": ""
      }
    },
    {
      "name": {
        "fa": "تایمر تنظیمی دیفراست",
        "en": "Defrost Adjustable Timer",
        "ar": "مؤقت ديفروست قابل التعديل",
        "ru": "Регулируемый таймер Defrost",
        "ur": "ديفروست کی تنظیمی ٹائمر",
        "ku": "تنظیمی ديفروست قابل التعديل",
        "tr": ""
      },
      "url": "https://defrost.ir/shop/product/%d8%aa%d8%a7%db%8c%d9%85%d8%b1-%d8%aa%d9%86%d8%b8%db%8c%d9%85%db%8c-%d8%af%db%8c%d9%81%d8%b1%d8%a7%d8%b3%d8%aa/",
      "image": "https://defrost.ir/shop/wp-content/uploads/2018/02/303-600x600.jpg",
      "description": {
        "fa": "",
        "en": "",
        "ar": "",
        "ru": "",
        "ur": "",
        "ku": "",
        "tr": ""
      }
    },
    {
      "name": {
        "fa": "تایمر تنظیمی دیفراست",
        "en": "Defrost Adjustable Timer",
        "ar": "مؤقت ديفروست قابل التعديل",
        "ru": "Регулируемый таймер Defrost",
        "ur": "ديفروست کی تنظیمی ٹائمر",
        "ku": "تنظیمی ديفروست قابل التعديل",
        "tr": ""
      },
      "url": "https://defrost.ir/shop/product/%d8%aa%d8%a7%db%8c%d9%85%d8%b1-%d8%aa%d9%86%d8%b8%db%8c%d9%85%db%8c-%d8%af%db%8c%d9%81%d8%b1%d8%a7%d8%b3%d8%aa/",
      "image": "https://defrost.ir/shop/wp-content/uploads/2018/02/303-600x600.jpg",
      "description": {
        "fa": "",
        "en": "",
        "ar": "",
        "ru": "",
        "ur": "",
        "ku": "",
        "tr": ""
      }
    },
    {
      "name": {
        "fa": "تایمر دیفراست دیجیتال",
        "en": "Digital Defrost Timer",
        "ar": "مؤقت ديفروست رقمي",
        "ru": "Цифровой таймер Defrost",
        "ur": "دیجیتل ديفروست ٹائمر",
        "ku": "ديفروست رقمي",
        "tr": ""
      },
      "url": "https://defrost.ir/shop/product/%d8%aa%d8%a7%db%8c%d9%85%d8%b1-%d8%af%db%8c%d9%81%d8%b1%d8%a7%d8%b3%d8%aa-%d8%af%db%8c%d8%ac%db%8c%d8%aa%d8%a7%d9%84/",
      "image": "https://defrost.ir/shop/wp-content/uploads/2018/02/304-600x600.jpg",
      "description": {
        "fa": "",
        "en": "",
        "ar": "",
        "ru": "",
        "ur": "",
        "ku": "",
        "tr": ""
      }
    },
    {
      "name": {
        "fa": "تایمر دیفراست دیجیتال",
        "en": "Digital Defrost Timer",
        "ar": "مؤقت ديفروست رقمي",
        "ru": "Цифровой таймер Defrost",
        "ur": "دیجیتل ديفروست ٹائمر",
        "ku": "ديفروست رقمي",
        "tr": ""
      },
      "url": "https://defrost.ir/shop/product/%d8%aa%d8%a7%db%8c%d9%85%d8%b1-%d8%af%db%8c%d9%81%d8%b1%d8%a7%d8%b3%d8%aa-%d8%af%db%8c%d8%ac%db%8c%d8%aa%d8%a7%d9%84/",
      "image": "https://defrost.ir/shop/wp-content/uploads/2018/02/304-600x600.jpg",
      "description": {
        "fa": "",
        "en": "",
        "ar": "",
        "ru": "",
        "ur": "",
        "ku": "",
        "tr": ""
      }
    },
    {
      "name": {
        "fa": "تایمر دیفراست دیجیتال سورین",
        "en": "Sorin Digital Defrost Timer",
        "ar": "مؤقت ديفروست رقمي سورين",
        "ru": "Цифровой таймер Defrost Sorin",
        "ur": "سورین دیجیتل ديفروست ٹائمر",
        "ku": "سورین ديفروست رقمي سورين",
        "tr": ""
      },
      "url": "https://defrost.ir/shop/product/%d8%aa%d8%a7%db%8c%d9%85%d8%b1-%d8%af%db%8c%d9%81%d8%b1%d8%a7%d8%b3%d8%aa-%d8%af%db%8c%d8%ac%db%8c%d8%aa%d8%a7%d9%84-%d8%b3%d9%88%d8%b1%db%8c%d9%86/",
      "image": "https://defrost.ir/shop/wp-content/uploads/2022/11/تایمرسورین-600x600.jpg",
      "description": {
        "fa": "",
        "en": "",
        "ar": "",
        "ru": "",
        "ur": "",
        "ku": "",
        "tr": ""
      }
    },
    {
      "name": {
        "fa": "تایمر دیفراست دیجیتال سورین",
        "en": "Sorin Digital Defrost Timer",
        "ar": "مؤقت ديفروست رقمي سورين",
        "ru": "Цифровой таймер Defrost Sorin",
        "ur": "سورین دیجیتل ديفروست ٹائمر",
        "ku": "سورین ديفروست رقمي سورين",
        "tr": ""
      },
      "url": "https://defrost.ir/shop/product/%d8%aa%d8%a7%db%8c%d9%85%d8%b1-%d8%af%db%8c%d9%81%d8%b1%d8%a7%d8%b3%d8%aa-%d8%af%db%8c%d8%ac%db%8c%d8%aa%d8%a7%d9%84-%d8%b3%d9%88%d8%b1%db%8c%d9%86/",
      "image": "https://defrost.ir/shop/wp-content/uploads/2022/11/تایمرسورین-600x600.jpg",
      "description": {
        "fa": "",
        "en": "",
        "ar": "",
        "ru": "",
        "ur": "",
        "ku": "",
        "tr": ""
      }
    }
  ]
}