{
  "category_name": {
    "fa": "المنت یخچال",
    "en": "Element Heater",
    "ar": "عنصر التسخين",
    "ru": "Нагревательный элемент",
    "ur": "ہیٹر ایلیمینٹ",
    "kk": "Жылытқыш элемент",
    "ku": "ئه‌لیمانتی گه‌رمکردن",
    "hy": "Տաքացուցիչ տարր",
    "tr": "Rezistans"
  },
  "category_url": "https://defrost.ir/shop/product-category/spare-parts-for-refrigerators/element-heater/",
  "products": [
    {
      "name": {
        "fa": "المنت آبریز سیلیکونی فویل دار",
        "en": "المنت آبریز سیلیکونی فویل دار",
        "ar": "المنت آبریز سیلیکونی فویل دار",
        "ku": "المنت آبریز سیلیکونی فویل دار",
        "kk": "المنت آبریز سیلیکونی فویل دار",
        "tr": "Silikonlu Folyo Rezistans"
      },
      "url": "https://defrost.ir/shop/product/%d8%a7%d9%84%d9%85%d9%86%d8%aa-%d8%a2%d8%a8%d8%b1%db%8c%d8%b2-%d9%81%d9%88%db%8c%d9%84%db%8c-%d8%b3%db%8c%d9%84%db%8c%da%a9%d9%88%d9%86%db%8c/",
      "image": "https://defrost.ir/shop/wp-content/uploads/2019/01/2-600x600.jpg",
      "description": {
        "fa": "",
        "en": "",
        "ar": "",
        "ku": "",
        "kk": "",
        "tr": "Rezistans"
      }
    },
    {
      "name": {
        "fa": "المنت آبریز سیلیکونی فویل دار",
        "en": "المنت آبریز سیلیکونی فویل دار",
        "ar": "المنت آبریز سیلیکونی فویل دار",
        "ku": "المنت آبریز سیلیکونی فویل دار",
        "kk": "المنت آبریز سیلیکونی فویل دار",
        "tr": "Silikonlu Folyo Rezistans"
      },
      "url": "https://defrost.ir/shop/product/%d8%a7%d9%84%d9%85%d9%86%d8%aa-%d8%a2%d8%a8%d8%b1%db%8c%d8%b2-%d9%81%d9%88%db%8c%d9%84%db%8c-%d8%b3%db%8c%d9%84%db%8c%da%a9%d9%88%d9%86%db%8c/",
      "image": "https://defrost.ir/shop/wp-content/uploads/2019/01/2-600x600.jpg",
      "description": {
        "fa": "",
        "en": "",
        "ar": "",
        "ku": "",
        "kk": "",
        "tr": "Rezistans"
      }
    },
    {
      "name": {
        "fa": "المنت اسنوا 810 فریزری (سامسونگRL)",
        "en": "المنت اسنوا 810 فریزری (سامسونگRL)",
        "ar": "المنت اسنوا 810 فریزری (سامسونگRL)",
        "ku": "المنت اسنوا 810 فریزری (سامسونگRL)",
        "kk": "المنت اسنوا 810 فریزری (سامسونگRL)",
        "tr": ""
      },
      "url": "https://defrost.ir/shop/product/%d8%a7%d9%84%d9%85%d9%86%d8%aa-%d8%a7%d8%b3%d9%86%d9%88%d8%a7-810-%d9%81%d8%b1%db%8c%d8%b2%d8%b1%db%8c-%d8%b3%d8%a7%d9%85%d8%b3%d9%88%d9%86%da%afrl/",
      "image": "https://defrost.ir/shop/wp-content/uploads/2022/09/اسنوافریزری-600x600.jpg",
      "description": {
        "fa": "",
        "en": "",
        "ar": "",
        "ku": "",
        "kk": "",
        "tr": ""
      }
    },
    {
      "name": {
        "fa": "المنت اسنوا 810 فریزری (سامسونگRL)",
        "en": "المنت اسنوا 810 فریزری (سامسونگRL)",
        "ar": "المنت اسنوا 810 فریزری (سامسونگRL)",
        "ku": "المنت اسنوا 810 فریزری (سامسونگRL)",
        "kk": "المنت اسنوا 810 فریزری (سامسونگRL)",
        "tr": ""
      },
      "url": "https://defrost.ir/shop/product/%d8%a7%d9%84%d9%85%d9%86%d8%aa-%d8%a7%d8%b3%d9%86%d9%88%d8%a7-810-%d9%81%d8%b1%db%8c%d8%b2%d8%b1%db%8c-%d8%b3%d8%a7%d9%85%d8%b3%d9%88%d9%86%da%afrl/",
      "image": "https://defrost.ir/shop/wp-content/uploads/2022/09/اسنوافریزری-600x600.jpg",
      "description": {
        "fa": "",
        "en": "",
        "ar": "",
        "ku": "",
        "kk": "",
        "tr": ""
      }
    },
    {
      "name": {
        "fa": "المنت اسنوا 810 یخچالی (سامسونگRL)",
        "en": "المنت اسنوا 810 یخچالی (سامسونگRL)",
        "ar": "المنت اسنوا 810 یخچالی (سامسونگRL)",
        "ku": "المنت اسنوا 810 یخچالی (سامسونگRL)",
        "kk": "المنت اسنوا 810 یخچالی (سامسونگRL)",
        "tr": ""
      },
      "url": "https://defrost.ir/shop/product/%d8%a7%d9%84%d9%85%d9%86%d8%aa-%d8%a7%d8%b3%d9%86%d9%88%d8%a7-810-%db%8c%d8%ae%da%86%d8%a7%d9%84%db%8c-%d8%b3%d8%a7%d9%85%d8%b3%d9%88%d9%86%da%afrl/",
      "image": "https://defrost.ir/shop/wp-content/uploads/2022/09/اسنوایخچالی-600x600.jpg",
      "description": {
        "fa": "",
        "en": "",
        "ar": "",
        "ku": "",
        "kk": "",
        "tr": ""
      }
    },
    {
      "name": {
        "fa": "المنت اسنوا 810 یخچالی (سامسونگRL)",
        "en": "المنت اسنوا 810 یخچالی (سامسونگRL)",
        "ar": "المنت اسنوا 810 یخچالی (سامسونگRL)",
        "ku": "المنت اسنوا 810 یخچالی (سامسونگRL)",
        "kk": "المنت اسنوا 810 یخچالی (سامسونگRL)",
        "tr": ""
      },
      "url": "https://defrost.ir/shop/product/%d8%a7%d9%84%d9%85%d9%86%d8%aa-%d8%a7%d8%b3%d9%86%d9%88%d8%a7-810-%db%8c%d8%ae%da%86%d8%a7%d9%84%db%8c-%d8%b3%d8%a7%d9%85%d8%b3%d9%88%d9%86%da%afrl/",
      "image": "https://defrost.ir/shop/wp-content/uploads/2022/09/اسنوایخچالی-600x600.jpg",
      "description": {
        "fa": "",
        "en": "",
        "ar": "",
        "ku": "",
        "kk": "",
        "tr": ""
      }
    },
    {
      "name": {
        "fa": "المنت الجی (54 سانتیمتر)",
        "en": "المنت الجی (54 سانتیمتر)",
        "ar": "المنت الجی (54 سانتیمتر)",
        "ku": "المنت الجی (54 سانتیمتر)",
        "kk": "المنت الجی (54 سانتیمتر)",
        "tr": "المنت الجی (54 سانتیمتر)"
      },
      "url": "https://defrost.ir/shop/product/%d8%a7%d9%84%d9%85%d9%86%d8%aa-%d8%a7%d9%84%d8%ac%db%8c-54-%d8%b3%d8%a7%d9%86%d8%aa%db%8c%d9%85%d8%aa%d8%b1/",
      "image": "https://defrost.ir/shop/wp-content/uploads/2019/03/10-600x600.jpg",
      "description": {
        "fa": "",
        "en": "",
        "ar": "",
        "ku": "",
        "kk": "",
        "tr": "المنت الجی (54 سانتیمتر)"
      }
    },
    {
      "name": {
        "fa": "المنت الجی (54 سانتیمتر)",
        "en": "المنت الجی (54 سانتیمتر)",
        "ar": "المنت الجی (54 سانتیمتر)",
        "ku": "المنت الجی (54 سانتیمتر)",
        "kk": "المنت الجی (54 سانتیمتر)",
        "tr": "المنت الجی (54 سانتیمتر)"
      },
      "url": "https://defrost.ir/shop/product/%d8%a7%d9%84%d9%85%d9%86%d8%aa-%d8%a7%d9%84%d8%ac%db%8c-54-%d8%b3%d8%a7%d9%86%d8%aa%db%8c%d9%85%d8%aa%d8%b1/",
      "image": "https://defrost.ir/shop/wp-content/uploads/2019/03/10-600x600.jpg",
      "description": {
        "fa": "",
        "en": "",
        "ar": "",
        "ku": "",
        "kk": "",
        "tr": "المنت الجی (54 سانتیمتر)"
      }
    },
    {
      "name": {
        "fa": "المنت الکترواستیل (12 خط)",
        "en": "المنت الکترواستیل (12 خط)",
        "ar": "المنت الکترواستیل (12 خط)",
        "ku": "المنت الکترواستیل (12 خط)",
        "kk": "المنت الکترواستیل (12 خط)",
        "tr": "المنت الکترواستیل (12 خط)"
      },
      "url": "https://defrost.ir/shop/product/notebook-pavel-f14/",
      "image": "https://defrost.ir/shop/wp-content/uploads/2014/10/322-600x600.jpg",
      "description": {
        "fa": "",
        "en": "",
        "ar": "",
        "ku": "",
        "kk": "",
        "tr": "المنت الکترواستیل (12 خط)"
      }
    },
    {
      "name": {
        "fa": "المنت الکترواستیل (12 خط)",
        "en": "المنت الکترواستیل (12 خط)",
        "ar": "المنت الکترواستیل (12 خط)",
        "ku": "المنت الکترواستیل (12 خط)",
        "kk": "المنت الکترواستیل (12 خط)",
        "tr": "المنت الکترواستیل (12 خط)"
      },
      "url": "https://defrost.ir/shop/product/notebook-pavel-f14/",
      "image": "https://defrost.ir/shop/wp-content/uploads/2014/10/322-600x600.jpg",
      "description": {
        "fa": "",
        "en": "",
        "ar": "",
        "ku": "",
        "kk": "",
        "tr": "المنت الکترواستیل (12 خط)"
      }
    },
    {
      "name": {
        "fa": "المنت الکترواستیل (20 خط)",
        "en": "المنت الکترواستیل (20 خط)",
        "ar": "المنت الکترواستیل (20 خط)",
        "ku": "المنت الکترواستیل (20 خط)",
        "kk": "المنت الکترواستیل (20 خط)",
        "tr": "المنت الکترواستیل (20 خط)"
      },
      "url": "https://defrost.ir/shop/product/headphone-over-ear/",
      "image": "https://defrost.ir/shop/wp-content/uploads/2014/10/324-600x600.jpg",
      "description": {
        "fa": "",
        "en": "",
        "ar": "",
        "ku": "",
        "kk": "",
        "tr": "المنت الکترواستیل (20 خط)"
      }
    },
    {
      "name": {
        "fa": "المنت الکترواستیل (20 خط)",
        "en": "المنت الکترواستیل (20 خط)",
        "ar": "المنت الکترواستیل (20 خط)",
        "ku": "المنت الکترواستیل (20 خط)",
        "kk": "المنت الکترواستیل (20 خط)",
        "tr": "المنت الکترواستیل (20 خط)"
      },
      "url": "https://defrost.ir/shop/product/headphone-over-ear/",
      "image": "https://defrost.ir/shop/wp-content/uploads/2014/10/324-600x600.jpg",
      "description": {
        "fa": "",
        "en": "",
        "ar": "",
        "ku": "",
        "kk": "",
        "tr": "المنت الکترواستیل (20 خط)"
      }
    },
    {
      "name": {
        "fa": "المنت امرسان",
        "en": "المنت امرسان",
        "ar": "المنت امرسان",
        "ku": "المنت امرسان",
        "kk": "المنت امرسان",
        "tr": "المنت امرسان"
      },
      "url": "https://defrost.ir/shop/product/%d8%a7%d9%84%d9%85%d9%86%d8%aa-%d8%a7%d9%85%d8%b1%d8%b3%d8%a7%d9%86/",
      "image": "https://defrost.ir/shop/wp-content/uploads/2022/09/امرسان16-600x600.jpg",
      "description": {
        "fa": "",
        "en": "",
        "ar": "",
        "ku": "",
        "kk": "",
        "tr": "المنت امرسان"
      }
    },
    {
      "name": {
        "fa": "المنت امرسان",
        "en": "المنت امرسان",
        "ar": "المنت امرسان",
        "ku": "المنت امرسان",
        "kk": "المنت امرسان",
        "tr": "المنت امرسان"
      },
      "url": "https://defrost.ir/shop/product/%d8%a7%d9%84%d9%85%d9%86%d8%aa-%d8%a7%d9%85%d8%b1%d8%b3%d8%a7%d9%86/",
      "image": "https://defrost.ir/shop/wp-content/uploads/2022/09/امرسان16-600x600.jpg",
      "description": {
        "fa": "",
        "en": "",
        "ar": "",
        "ku": "",
        "kk": "",
        "tr": "المنت امرسان"
      }
    },
    {
      "name": {
        "fa": "المنت ب الکترواستیل فریزری 270 وات",
        "en": "المنت ب الکترواستیل فریزری 270 وات",
        "ar": "المنت ب الکترواستیل فریزری 270 وات",
        "ku": "المنت ب الکترواستیل فریزری 270 وات",
        "kk": "المنت ب الکترواستیل فریزری 270 وات",
        "tr": "المنت ب الکترواستیل فریزری 270 وات"
      },
      "url": "https://defrost.ir/shop/product/%d8%a7%d9%84%d9%85%d9%86%d8%aa-%d8%a8-%d8%a7%d9%84%da%a9%d8%aa%d8%b1%d9%88%d8%a7%d8%b3%d8%aa%db%8c%d9%84-%d9%81%d8%b1%db%8c%d8%b2%d8%b1%db%8c-270-%d9%88%d8%a7%d8%aa/",
      "image": "https://defrost.ir/shop/wp-content/uploads/2019/02/122-600x600.jpg",
      "description": {
        "fa": "",
        "en": "",
        "ar": "",
        "ku": "",
        "kk": "",
        "tr": "المنت ب الکترواستیل فریزری 270 وات"
      }
    },
    {
      "name": {
        "fa": "المنت ب الکترواستیل فریزری 270 وات",
        "en": "المنت ب الکترواستیل فریزری 270 وات",
        "ar": "المنت ب الکترواستیل فریزری 270 وات",
        "ku": "المنت ب الکترواستیل فریزری 270 وات",
        "kk": "المنت ب الکترواستیل فریزری 270 وات",
        "tr": "المنت ب الکترواستیل فریزری 270 وات"
      },
      "url": "https://defrost.ir/shop/product/%d8%a7%d9%84%d9%85%d9%86%d8%aa-%d8%a8-%d8%a7%d9%84%da%a9%d8%aa%d8%b1%d9%88%d8%a7%d8%b3%d8%aa%db%8c%d9%84-%d9%81%d8%b1%db%8c%d8%b2%d8%b1%db%8c-270-%d9%88%d8%a7%d8%aa/",
      "image": "https://defrost.ir/shop/wp-content/uploads/2019/02/122-600x600.jpg",
      "description": {
        "fa": "",
        "en": "",
        "ar": "",
        "ku": "",
        "kk": "",
        "tr": "المنت ب الکترواستیل فریزری 270 وات"
      }
    },
    {
      "name": {
        "fa": "المنت بوش",
        "en": "المنت بوش",
        "ar": "المنت بوش",
        "ku": "المنت بوش",
        "kk": "المنت بوش",
        "tr": "المنت بوش"
      },
      "url": "https://defrost.ir/shop/product/cube-9-fullhd/",
      "image": "https://defrost.ir/shop/wp-content/uploads/2014/11/329-600x600.jpg",
      "description": {
        "fa": "",
        "en": "",
        "ar": "",
        "ku": "",
        "kk": "",
        "tr": "المنت بوش"
      }
    },
    {
      "name": {
        "fa": "المنت بوش",
        "en": "المنت بوش",
        "ar": "المنت بوش",
        "ku": "المنت بوش",
        "kk": "المنت بوش",
        "tr": "المنت بوش"
      },
      "url": "https://defrost.ir/shop/product/cube-9-fullhd/",
      "image": "https://defrost.ir/shop/wp-content/uploads/2014/11/329-600x600.jpg",
      "description": {
        "fa": "",
        "en": "",
        "ar": "",
        "ku": "",
        "kk": "",
        "tr": "المنت بوش"
      }
    },
    {
      "name": {
        "fa": "المنت جنرالی (سامی 46)",
        "en": "المنت جنرالی (سامی 46)",
        "ar": "المنت جنرالی (سامی 46)",
        "ku": "المنت جنرالی (سامی 46)",
        "kk": "المنت جنرالی (سامی 46)",
        "tr": "المنت جنرالی (سامی 46)"
      },
      "url": "https://defrost.ir/shop/product/%d8%a7%d9%84%d9%85%d9%86%d8%aa-%d8%ac%d9%86%d8%b1%d8%a7%d9%84%db%8c-%d8%b3%d8%a7%d9%85%db%8c-46/",
      "image": "https://defrost.ir/shop/wp-content/uploads/2022/09/المنت-جنرالی-600x600.jpg",
      "description": {
        "fa": "",
        "en": "",
        "ar": "",
        "ku": "",
        "kk": "",
        "tr": "المنت جنرالی (سامی 46)"
      }
    },
    {
      "name": {
        "fa": "المنت جنرالی (سامی 46)",
        "en": "المنت جنرالی (سامی 46)",
        "ar": "المنت جنرالی (سامی 46)",
        "ku": "المنت جنرالی (سامی 46)",
        "kk": "المنت جنرالی (سامی 46)",
        "tr": "المنت جنرالی (سامی 46)"
      },
      "url": "https://defrost.ir/shop/product/%d8%a7%d9%84%d9%85%d9%86%d8%aa-%d8%ac%d9%86%d8%b1%d8%a7%d9%84%db%8c-%d8%b3%d8%a7%d9%85%db%8c-46/",
      "image": "https://defrost.ir/shop/wp-content/uploads/2022/09/المنت-جنرالی-600x600.jpg",
      "description": {
        "fa": "",
        "en": "",
        "ar": "",
        "ku": "",
        "kk": "",
        "tr": "المنت جنرالی (سامی 46)"
      }
    },
    {
      "name": {
        "fa": "المنت درین سیمی سیلیکونی",
        "en": "المنت درین سیمی سیلیکونی",
        "ar": "المنت درین سیمی سیلیکونی",
        "ku": "المنت درین سیمی سیلیکونی",
        "kk": "المنت درین سیمی سیلیکونی",
        "tr": "المنت درین سیمی سیلیکونی"
      },
      "url": "https://defrost.ir/shop/product/%d8%a7%d9%84%d9%85%d9%86%d8%aa-%d8%af%d8%b1%db%8c%d9%86-%d8%b3%db%8c%d9%85%db%8c-%d8%b3%db%8c%d9%84%db%8c%da%a9%d9%88%d9%86%db%8c/",
      "image": "https://defrost.ir/shop/wp-content/uploads/2019/01/28-600x600.jpg",
      "description": {
        "fa": "",
        "en": "",
        "ar": "",
        "ku": "",
        "kk": "",
        "tr": "المنت درین سیمی سیلیکونی"
      }
    },
    {
      "name": {
        "fa": "المنت درین سیمی سیلیکونی",
        "en": "المنت درین سیمی سیلیکونی",
        "ar": "المنت درین سیمی سیلیکونی",
        "ku": "المنت درین سیمی سیلیکونی",
        "kk": "المنت درین سیمی سیلیکونی",
        "tr": "المنت درین سیمی سیلیکونی"
      },
      "url": "https://defrost.ir/shop/product/%d8%a7%d9%84%d9%85%d9%86%d8%aa-%d8%af%d8%b1%db%8c%d9%86-%d8%b3%db%8c%d9%85%db%8c-%d8%b3%db%8c%d9%84%db%8c%da%a9%d9%88%d9%86%db%8c/",
      "image": "https://defrost.ir/shop/wp-content/uploads/2019/01/28-600x600.jpg",
      "description": {
        "fa": "",
        "en": "",
        "ar": "",
        "ku": "",
        "kk": "",
        "tr": "المنت درین سیمی سیلیکونی"
      }
    },
    {
      "name": {
        "fa": "المنت دوبل امرسان",
        "en": "المنت دوبل امرسان",
        "ar": "المنت دوبل امرسان",
        "ku": "المنت دوبل امرسان",
        "kk": "المنت دوبل امرسان",
        "tr": "المنت دوبل امرسان"
      },
      "url": "https://defrost.ir/shop/product/%d8%a7%d9%84%d9%85%d9%86%d8%aa-%d8%af%d9%88%d8%a8%d9%84-%d8%a7%d9%85%d8%b1%d8%b3%d8%a7%d9%86/",
      "image": "https://defrost.ir/shop/wp-content/uploads/2022/09/امرسان-دوبل-600x600.jpg",
      "description": {
        "fa": "",
        "en": "",
        "ar": "",
        "ku": "",
        "kk": "",
        "tr": "المنت دوبل امرسان"
      }
    },
    {
      "name": {
        "fa": "المنت دوبل امرسان",
        "en": "المنت دوبل امرسان",
        "ar": "المنت دوبل امرسان",
        "ku": "المنت دوبل امرسان",
        "kk": "المنت دوبل امرسان",
        "tr": "المنت دوبل امرسان"
      },
      "url": "https://defrost.ir/shop/product/%d8%a7%d9%84%d9%85%d9%86%d8%aa-%d8%af%d9%88%d8%a8%d9%84-%d8%a7%d9%85%d8%b1%d8%b3%d8%a7%d9%86/",
      "image": "https://defrost.ir/shop/wp-content/uploads/2022/09/امرسان-دوبل-600x600.jpg",
      "description": {
        "fa": "",
        "en": "",
        "ar": "",
        "ku": "",
        "kk": "",
        "tr": "المنت دوبل امرسان"
      }
    },
    {
      "name": {
        "fa": "المنت دونار – اورست",
        "en": "المنت دونار – اورست",
        "ar": "المنت دونار – اورست",
        "ku": "المنت دونار – اورست",
        "kk": "المنت دونار – اورست",
        "tr": "المنت دونار – اورست"
      },
      "url": "https://defrost.ir/shop/product/roja-smartphone/",
      "image": "https://defrost.ir/shop/wp-content/uploads/2014/11/332-600x600.jpg",
      "description": {
        "fa": "",
        "en": "",
        "ar": "",
        "ku": "",
        "kk": "",
        "tr": "المنت دونار – اورست"
      }
    },
    {
      "name": {
        "fa": "المنت دونار – اورست",
        "en": "المنت دونار – اورست",
        "ar": "المنت دونار – اورست",
        "ku": "المنت دونار – اورست",
        "kk": "المنت دونار – اورست",
        "tr": "المنت دونار – اورست"
      },
      "url": "https://defrost.ir/shop/product/roja-smartphone/",
      "image": "https://defrost.ir/shop/wp-content/uploads/2014/11/332-600x600.jpg",
      "description": {
        "fa": "",
        "en": "",
        "ar": "",
        "ku": "",
        "kk": "",
        "tr": "المنت دونار – اورست"
      }
    },
    {
      "name": {
        "fa": "المنت دیفراست 180 سی سی",
        "en": "المنت دیفراست 180 سی سی",
        "ar": "المنت دیفراست 180 سی سی",
        "ku": "المنت دیفراست 180 سی سی",
        "kk": "المنت دیفراست 180 سی سی",
        "tr": "المنت دیفراست 180 سی سی"
      },
      "url": "https://defrost.ir/shop/product/%d8%a7%d9%84%d9%85%d9%86%d8%aa-%d8%af%db%8c%d9%81%d8%b1%d8%a7%d8%b3%d8%aa-180-%d8%b3%db%8c-%d8%b3%db%8c/",
      "image": "https://defrost.ir/shop/wp-content/uploads/2019/02/123-600x600.jpg",
      "description": {
        "fa": "",
        "en": "",
        "ar": "",
        "ku": "",
        "kk": "",
        "tr": "المنت دیفراست 180 سی سی"
      }
    },
    {
      "name": {
        "fa": "المنت دیفراست 180 سی سی",
        "en": "المنت دیفراست 180 سی سی",
        "ar": "المنت دیفراست 180 سی سی",
        "ku": "المنت دیفراست 180 سی سی",
        "kk": "المنت دیفراست 180 سی سی",
        "tr": "المنت دیفراست 180 سی سی"
      },
      "url": "https://defrost.ir/shop/product/%d8%a7%d9%84%d9%85%d9%86%d8%aa-%d8%af%db%8c%d9%81%d8%b1%d8%a7%d8%b3%d8%aa-180-%d8%b3%db%8c-%d8%b3%db%8c/",
      "image": "https://defrost.ir/shop/wp-content/uploads/2019/02/123-600x600.jpg",
      "description": {
        "fa": "",
        "en": "",
        "ar": "",
        "ku": "",
        "kk": "",
        "tr": "المنت دیفراست 180 سی سی"
      }
    },
    {
      "name": {
        "fa": "المنت دیفراست 90 سی سی",
        "en": "المنت دیفراست 90 سی سی",
        "ar": "المنت دیفراست 90 سی سی",
        "ku": "المنت دیفراست 90 سی سی",
        "kk": "المنت دیفراست 90 سی سی",
        "tr": "المنت دیفراست 90 سی سی"
      },
      "url": "https://defrost.ir/shop/product/%d8%a7%d9%84%d9%85%d9%86%d8%aa-%d8%af%db%8c%d9%81%d8%b1%d8%a7%d8%b3%d8%aa-90-%d8%b3%db%8c-%d8%b3%db%8c/",
      "image": "https://defrost.ir/shop/wp-content/uploads/2019/02/20-600x600.jpg",
      "description": {
        "fa": "",
        "en": "",
        "ar": "",
        "ku": "",
        "kk": "",
        "tr": "المنت دیفراست 90 سی سی"
      }
    },
    {
      "name": {
        "fa": "المنت دیفراست 90 سی سی",
        "en": "المنت دیفراست 90 سی سی",
        "ar": "المنت دیفراست 90 سی سی",
        "ku": "المنت دیفراست 90 سی سی",
        "kk": "المنت دیفراست 90 سی سی",
        "tr": "المنت دیفراست 90 سی سی"
      },
      "url": "https://defrost.ir/shop/product/%d8%a7%d9%84%d9%85%d9%86%d8%aa-%d8%af%db%8c%d9%81%d8%b1%d8%a7%d8%b3%d8%aa-90-%d8%b3%db%8c-%d8%b3%db%8c/",
      "image": "https://defrost.ir/shop/wp-content/uploads/2019/02/20-600x600.jpg",
      "description": {
        "fa": "",
        "en": "",
        "ar": "",
        "ku": "",
        "kk": "",
        "tr": "المنت دیفراست 90 سی سی"
      }
    },
    {
      "name": {
        "fa": "المنت زانوسی",
        "en": "المنت زانوسی",
        "ar": "المنت زانوسی",
        "ku": "المنت زانوسی",
        "kk": "المنت زانوسی",
        "tr": "المنت زانوسی"
      },
      "url": "https://defrost.ir/shop/product/tablet-cover/",
      "image": "https://defrost.ir/shop/wp-content/uploads/2014/10/321-600x600.jpg",
      "description": {
        "fa": "",
        "en": "",
        "ar": "",
        "ku": "",
        "kk": "",
        "tr": "المنت زانوسی"
      }
    },
    {
      "name": {
        "fa": "المنت زانوسی",
        "en": "المنت زانوسی",
        "ar": "المنت زانوسی",
        "ku": "المنت زانوسی",
        "kk": "المنت زانوسی",
        "tr": "المنت زانوسی"
      },
      "url": "https://defrost.ir/shop/product/tablet-cover/",
      "image": "https://defrost.ir/shop/wp-content/uploads/2014/10/321-600x600.jpg",
      "description": {
        "fa": "",
        "en": "",
        "ar": "",
        "ku": "",
        "kk": "",
        "tr": "المنت زانوسی"
      }
    },
    {
      "name": {
        "fa": "المنت سامسونگ قدیمی 12 خط",
        "en": "المنت سامسونگ قدیمی 12 خط",
        "ar": "المنت سامسونگ قدیمی 12 خط",
        "ku": "المنت سامسونگ قدیمی 12 خط",
        "kk": "المنت سامسونگ قدیمی 12 خط",
        "tr": "المنت سامسونگ قدیمی 12 خط"
      },
      "url": "https://defrost.ir/shop/product/%d8%a7%d9%84%d9%85%d9%86%d8%aa-%d8%b3%d8%a7%d9%85%d8%b3%d9%88%d9%86%da%af-%d9%82%d8%af%db%8c%d9%85%db%8c-12-%d8%ae%d8%b7/",
      "image": "https://defrost.ir/shop/wp-content/uploads/2022/09/سام-12-خط-600x600.jpg",
      "description": {
        "fa": "",
        "en": "",
        "ar": "",
        "ku": "",
        "kk": "",
        "tr": "المنت سامسونگ قدیمی 12 خط"
      }
    },
    {
      "name": {
        "fa": "المنت سامسونگ قدیمی 12 خط",
        "en": "المنت سامسونگ قدیمی 12 خط",
        "ar": "المنت سامسونگ قدیمی 12 خط",
        "ku": "المنت سامسونگ قدیمی 12 خط",
        "kk": "المنت سامسونگ قدیمی 12 خط",
        "tr": "المنت سامسونگ قدیمی 12 خط"
      },
      "url": "https://defrost.ir/shop/product/%d8%a7%d9%84%d9%85%d9%86%d8%aa-%d8%b3%d8%a7%d9%85%d8%b3%d9%88%d9%86%da%af-%d9%82%d8%af%db%8c%d9%85%db%8c-12-%d8%ae%d8%b7/",
      "image": "https://defrost.ir/shop/wp-content/uploads/2022/09/سام-12-خط-600x600.jpg",
      "description": {
        "fa": "",
        "en": "",
        "ar": "",
        "ku": "",
        "kk": "",
        "tr": "المنت سامسونگ قدیمی 12 خط"
      }
    },
    {
      "name": {
        "fa": "المنت سامسونگ قدیمی 14 خط",
        "en": "المنت سامسونگ قدیمی 14 خط",
        "ar": "المنت سامسونگ قدیمی 14 خط",
        "ku": "المنت سامسونگ قدیمی 14 خط",
        "kk": "المنت سامسونگ قدیمی 14 خط",
        "tr": "المنت سامسونگ قدیمی 14 خط"
      },
      "url": "https://defrost.ir/shop/product/%d8%a7%d9%84%d9%85%d9%86%d8%aa-%d8%b3%d8%a7%d9%85%d8%b3%d9%88%d9%86%da%af-%d9%82%d8%af%db%8c%d9%85%db%8c-14-%d8%ae%d8%b7/",
      "image": "https://defrost.ir/shop/wp-content/uploads/2022/09/سام14خط-600x600.jpg",
      "description": {
        "fa": "",
        "en": "",
        "ar": "",
        "ku": "",
        "kk": "",
        "tr": "المنت سامسونگ قدیمی 14 خط"
      }
    },
    {
      "name": {
        "fa": "المنت سامسونگ قدیمی 14 خط",
        "en": "المنت سامسونگ قدیمی 14 خط",
        "ar": "المنت سامسونگ قدیمی 14 خط",
        "ku": "المنت سامسونگ قدیمی 14 خط",
        "kk": "المنت سامسونگ قدیمی 14 خط",
        "tr": "المنت سامسونگ قدیمی 14 خط"
      },
      "url": "https://defrost.ir/shop/product/%d8%a7%d9%84%d9%85%d9%86%d8%aa-%d8%b3%d8%a7%d9%85%d8%b3%d9%88%d9%86%da%af-%d9%82%d8%af%db%8c%d9%85%db%8c-14-%d8%ae%d8%b7/",
      "image": "https://defrost.ir/shop/wp-content/uploads/2022/09/سام14خط-600x600.jpg",
      "description": {
        "fa": "",
        "en": "",
        "ar": "",
        "ku": "",
        "kk": "",
        "tr": "المنت سامسونگ قدیمی 14 خط"
      }
    },
    {
      "name": {
        "fa": "المنت سامسونگ قدیمی 16 خط",
        "en": "المنت سامسونگ قدیمی 16 خط",
        "ar": "المنت سامسونگ قدیمی 16 خط",
        "ku": "المنت سامسونگ قدیمی 16 خط",
        "kk": "المنت سامسونگ قدیمی 16 خط",
        "tr": "المنت سامسونگ قدیمی 16 خط"
      },
      "url": "https://defrost.ir/shop/product/%d8%a7%d9%84%d9%85%d9%86%d8%aa-%d8%b3%d8%a7%d9%85%d8%b3%d9%88%d9%86%da%af-%d9%82%d8%af%db%8c%d9%85%db%8c-16-%d8%ae%d8%b7/",
      "image": "https://defrost.ir/shop/wp-content/uploads/2022/09/المنت-سام-قدیمی16خط-600x600.jpg",
      "description": {
        "fa": "",
        "en": "",
        "ar": "",
        "ku": "",
        "kk": "",
        "tr": "المنت سامسونگ قدیمی 16 خط"
      }
    },
    {
      "name": {
        "fa": "المنت سامسونگ قدیمی 16 خط",
        "en": "المنت سامسونگ قدیمی 16 خط",
        "ar": "المنت سامسونگ قدیمی 16 خط",
        "ku": "المنت سامسونگ قدیمی 16 خط",
        "kk": "المنت سامسونگ قدیمی 16 خط",
        "tr": "المنت سامسونگ قدیمی 16 خط"
      },
      "url": "https://defrost.ir/shop/product/%d8%a7%d9%84%d9%85%d9%86%d8%aa-%d8%b3%d8%a7%d9%85%d8%b3%d9%88%d9%86%da%af-%d9%82%d8%af%db%8c%d9%85%db%8c-16-%d8%ae%d8%b7/",
      "image": "https://defrost.ir/shop/wp-content/uploads/2022/09/المنت-سام-قدیمی16خط-600x600.jpg",
      "description": {
        "fa": "",
        "en": "",
        "ar": "",
        "ku": "",
        "kk": "",
        "tr": "المنت سامسونگ قدیمی 16 خط"
      }
    },
    {
      "name": {
        "fa": "المنت سامسونگ مدل RT",
        "en": "المنت سامسونگ مدل RT",
        "ar": "المنت سامسونگ مدل RT",
        "ku": "المنت سامسونگ مدل RT",
        "kk": "المنت سامسونگ مدل RT",
        "tr": "المنت سامسونگ مدل RT"
      },
      "url": "https://defrost.ir/shop/product/%d8%a7%d9%84%d9%85%d9%86%d8%aa-%d8%b3%d8%a7%d9%85%d8%b3%d9%88%d9%86%da%af-%d9%85%d8%af%d9%84-rt/",
      "image": "https://defrost.ir/shop/wp-content/uploads/2022/09/RT-600x600.jpg",
      "description": {
        "fa": "",
        "en": "",
        "ar": "",
        "ku": "",
        "kk": "",
        "tr": "المنت سامسونگ مدل RT"
      }
    },
    {
      "name": {
        "fa": "المنت سامسونگ مدل RT",
        "en": "المنت سامسونگ مدل RT",
        "ar": "المنت سامسونگ مدل RT",
        "ku": "المنت سامسونگ مدل RT",
        "kk": "المنت سامسونگ مدل RT",
        "tr": "المنت سامسونگ مدل RT"
      },
      "url": "https://defrost.ir/shop/product/%d8%a7%d9%84%d9%85%d9%86%d8%aa-%d8%b3%d8%a7%d9%85%d8%b3%d9%88%d9%86%da%af-%d9%85%d8%af%d9%84-rt/",
      "image": "https://defrost.ir/shop/wp-content/uploads/2022/09/RT-600x600.jpg",
      "description": {
        "fa": "",
        "en": "",
        "ar": "",
        "ku": "",
        "kk": "",
        "tr": "المنت سامسونگ مدل RT"
      }
    },
    {
      "name": {
        "fa": "المنت سامسونگ مدل RT45 – هیتاچی",
        "en": "المنت سامسونگ مدل RT45 – هیتاچی",
        "ar": "المنت سامسونگ مدل RT45 – هیتاچی",
        "ku": "المنت سامسونگ مدل RT45 – هیتاچی",
        "kk": "المنت سامسونگ مدل RT45 – هیتاچی",
        "tr": "المنت سامسونگ مدل RT45 – هیتاچی"
      },
      "url": "https://defrost.ir/shop/product/%d8%a7%d9%84%d9%85%d9%86%d8%aa-%d8%b3%d8%a7%d9%85%d8%b3%d9%88%d9%86%da%af-%d9%85%d8%af%d9%84-rt45-%d9%87%db%8c%d8%aa%d8%a7%da%86%db%8c/",
      "image": "https://defrost.ir/shop/wp-content/uploads/2022/09/RT45-600x600.jpg",
      "description": {
        "fa": "",
        "en": "",
        "ar": "",
        "ku": "",
        "kk": "",
        "tr": "المنت سامسونگ مدل RT45 – هیتاچی"
      }
    },
    {
      "name": {
        "fa": "المنت سامسونگ مدل RT45 – هیتاچی",
        "en": "المنت سامسونگ مدل RT45 – هیتاچی",
        "ar": "المنت سامسونگ مدل RT45 – هیتاچی",
        "ku": "المنت سامسونگ مدل RT45 – هیتاچی",
        "kk": "المنت سامسونگ مدل RT45 – هیتاچی",
        "tr": "المنت سامسونگ مدل RT45 – هیتاچی"
      },
      "url": "https://defrost.ir/shop/product/%d8%a7%d9%84%d9%85%d9%86%d8%aa-%d8%b3%d8%a7%d9%85%d8%b3%d9%88%d9%86%da%af-%d9%85%d8%af%d9%84-rt45-%d9%87%db%8c%d8%aa%d8%a7%da%86%db%8c/",
      "image": "https://defrost.ir/shop/wp-content/uploads/2022/09/RT45-600x600.jpg",
      "description": {
        "fa": "",
        "en": "",
        "ar": "",
        "ku": "",
        "kk": "",
        "tr": "المنت سامسونگ مدل RT45 – هیتاچی"
      }
    },
    {
      "name": {
        "fa": "المنت سامسونگ مدل هرمس",
        "en": "المنت سامسونگ مدل هرمس",
        "ar": "المنت سامسونگ مدل هرمس",
        "ku": "المنت سامسونگ مدل هرمس",
        "kk": "المنت سامسونگ مدل هرمس",
        "tr": "المنت سامسونگ مدل هرمس"
      },
      "url": "https://defrost.ir/shop/product/cube-5-32gb/",
      "image": "https://defrost.ir/shop/wp-content/uploads/2014/11/331-600x600.jpg",
      "description": {
        "fa": "",
        "en": "",
        "ar": "",
        "ku": "",
        "kk": "",
        "tr": "المنت سامسونگ مدل هرمس"
      }
    },
    {
      "name": {
        "fa": "المنت سامسونگ مدل هرمس",
        "en": "المنت سامسونگ مدل هرمس",
        "ar": "المنت سامسونگ مدل هرمس",
        "ku": "المنت سامسونگ مدل هرمس",
        "kk": "المنت سامسونگ مدل هرمس",
        "tr": "المنت سامسونگ مدل هرمس"
      },
      "url": "https://defrost.ir/shop/product/cube-5-32gb/",
      "image": "https://defrost.ir/shop/wp-content/uploads/2014/11/331-600x600.jpg",
      "description": {
        "fa": "",
        "en": "",
        "ar": "",
        "ku": "",
        "kk": "",
        "tr": "المنت سامسونگ مدل هرمس"
      }
    },
    {
      "name": {
        "fa": "المنت سامی 46",
        "en": "المنت سامی 46",
        "ar": "المنت سامی 46",
        "ku": "المنت سامی 46",
        "kk": "المنت سامی 46",
        "tr": "المنت سامی 46"
      },
      "url": "https://defrost.ir/shop/product/%d8%a7%d9%84%d9%85%d9%86%d8%aa-%d8%b3%d8%a7%d9%85%db%8c-46/",
      "image": "https://defrost.ir/shop/wp-content/uploads/2022/09/سامی46-600x600.jpg",
      "description": {
        "fa": "",
        "en": "",
        "ar": "",
        "ku": "",
        "kk": "",
        "tr": "المنت سامی 46"
      }
    },
    {
      "name": {
        "fa": "المنت سامی 46",
        "en": "المنت سامی 46",
        "ar": "المنت سامی 46",
        "ku": "المنت سامی 46",
        "kk": "المنت سامی 46",
        "tr": "المنت سامی 46"
      },
      "url": "https://defrost.ir/shop/product/%d8%a7%d9%84%d9%85%d9%86%d8%aa-%d8%b3%d8%a7%d9%85%db%8c-46/",
      "image": "https://defrost.ir/shop/wp-content/uploads/2022/09/سامی46-600x600.jpg",
      "description": {
        "fa": "",
        "en": "",
        "ar": "",
        "ku": "",
        "kk": "",
        "tr": "المنت سامی 46"
      }
    },
    {
      "name": {
        "fa": "المنت ساید سامسونگ مدل کوچک",
        "en": "المنت ساید سامسونگ مدل کوچک",
        "ar": "المنت ساید سامسونگ مدل کوچک",
        "ku": "المنت ساید سامسونگ مدل کوچک",
        "kk": "المنت ساید سامسونگ مدل کوچک",
        "tr": "المنت ساید سامسونگ مدل کوچک"
      },
        "ar": "المنت ساید سامسونگ مدل کوچک"
      },
      "url": "https://defrost.ir/shop/product/%d8%a7%d9%84%d9%85%d9%86%d8%aa-%d8%b3%d8%a7%db%8c%d8%af-%d8%b3%d8%a7%d9%85%d8%b3%d9%88%d9%86%da%af-%d9%85%d8%af%d9%84-%da%a9%d9%88%da%86%da%a9/",
      "image": "https://defrost.ir/shop/wp-content/uploads/2022/09/سام-کوچک-600x600.jpg",
      "description": {
        "fa": "",
        "en": "",
        "ar": ""
      }
    },
    {
      "name": {
        "fa": "المنت ساید سامسونگ مدل کوچک",
        "en": "المنت ساید سامسونگ مدل کوچک",
        "ar": "المنت ساید سامسونگ مدل کوچک"
      },
      "url": "https://defrost.ir/shop/product/%d8%a7%d9%84%d9%85%d9%86%d8%aa-%d8%b3%d8%a7%db%8c%d8%af-%d8%b3%d8%a7%d9%85%d8%b3%d9%88%d9%86%da%af-%d9%85%d8%af%d9%84-%da%a9%d9%88%da%86%da%a9/",
      "image": "https://defrost.ir/shop/wp-content/uploads/2022/09/سام-کوچک-600x600.jpg",
      "description": {
        "fa": "",
        "en": "",
        "ar": ""
      }
    },
    {
      "name": {
        "fa": "المنت ساید سامسونگU دار متوسط",
        "en": "المنت ساید سامسونگU دار متوسط",
        "ar": "المنت ساید سامسونگU دار متوسط"
      },
      "url": "https://defrost.ir/shop/product/%d8%a7%d9%84%d9%85%d9%86%d8%aa-%d8%b3%d8%a7%db%8c%d8%af-%d8%b3%d8%a7%d9%85%d8%b3%d9%88%d9%86%da%afu-%d8%af%d8%a7%d8%b1-%d9%85%d8%aa%d9%88%d8%b3%d8%b7/",
      "image": "https://defrost.ir/shop/wp-content/uploads/2022/09/المنت-سایدیودار-600x600.jpg",
      "description": {
        "fa": "",
        "en": "",
        "ar": ""
      }
    },
    {
      "name": {
        "fa": "المنت ساید سامسونگU دار متوسط",
        "en": "المنت ساید سامسونگU دار متوسط",
        "ar": "المنت ساید سامسونگU دار متوسط"
      },
      "url": "https://defrost.ir/shop/product/%d8%a7%d9%84%d9%85%d9%86%d8%aa-%d8%b3%d8%a7%db%8c%d8%af-%d8%b3%d8%a7%d9%85%d8%b3%d9%88%d9%86%da%afu-%d8%af%d8%a7%d8%b1-%d9%85%d8%aa%d9%88%d8%b3%d8%b7/",
      "image": "https://defrost.ir/shop/wp-content/uploads/2022/09/المنت-سایدیودار-600x600.jpg",
      "description": {
        "fa": "",
        "en": "",
        "ar": ""
      }
    },
    {
      "name": {
        "fa": "المنت سینجر آکاردئونی",
        "en": "المنت سینجر آکاردئونی",
        "ar": "المنت سینجر آکاردئونی"
      },
      "url": "https://defrost.ir/shop/product/sate-c600/",
      "image": "https://defrost.ir/shop/wp-content/uploads/2014/10/326-600x600.jpg",
      "description": {
        "fa": "",
        "en": "",
        "ar": ""
      }
    },
    {
      "name": {
        "fa": "المنت سینجر آکاردئونی",
        "en": "المنت سینجر آکاردئونی",
        "ar": "المنت سینجر آکاردئونی"
      },
      "url": "https://defrost.ir/shop/product/sate-c600/",
      "image": "https://defrost.ir/shop/wp-content/uploads/2014/10/326-600x600.jpg",
      "description": {
        "fa": "",
        "en": "",
        "ar": ""
      }
    },
    {
      "name": {
        "fa": "المنت شیشه ای 10 اینچ",
        "en": "المنت شیشه ای 10 اینچ",
        "ar": "المنت شیشه ای 10 اینچ"
      },
      "url": "https://defrost.ir/shop/product/%d8%a7%d9%84%d9%85%d9%86%d8%aa-%d8%b4%db%8c%d8%b4%d9%87-%d8%a7%db%8c-18-%d8%a7%db%8c%d9%86%da%86/",
      "image": "https://defrost.ir/shop/wp-content/uploads/2019/01/هیترشیشه-ای-10-600x600.jpg",
      "description": {
        "fa": "",
        "en": "",
        "ar": ""
      }
    },
    {
      "name": {
        "fa": "المنت شیشه ای 10 اینچ",
        "en": "المنت شیشه ای 10 اینچ",
        "ar": "المنت شیشه ای 10 اینچ"
      },
      "url": "https://defrost.ir/shop/product/%d8%a7%d9%84%d9%85%d9%86%d8%aa-%d8%b4%db%8c%d8%b4%d9%87-%d8%a7%db%8c-18-%d8%a7%db%8c%d9%86%da%86/",
      "image": "https://defrost.ir/shop/wp-content/uploads/2019/01/هیترشیشه-ای-10-600x600.jpg",
      "description": {
        "fa": "",
        "en": "",
        "ar": ""
      }
    },
    {
      "name": {
        "fa": "المنت شیشه ای 20 اینچ",
        "en": "المنت شیشه ای 20 اینچ",
        "ar": "المنت شیشه ای 20 اینچ"
      },
      "url": "https://defrost.ir/shop/product/%d8%a7%d9%84%d9%85%d9%86%d8%aa-%d8%b4%db%8c%d8%b4%d9%87-%d8%a7%db%8c-20-%d8%a7%db%8c%d9%86%da%86/",
      "image": "https://defrost.ir/shop/wp-content/uploads/2019/01/هیترشیشه-ای-20-600x600.jpg",
      "description": {
        "fa": "",
        "en": "",
        "ar": ""
      }
    },
    {
      "name": {
        "fa": "المنت شیشه ای 20 اینچ",
        "en": "المنت شیشه ای 20 اینچ",
        "ar": "المنت شیشه ای 20 اینچ"
      },
      "url": "https://defrost.ir/shop/product/%d8%a7%d9%84%d9%85%d9%86%d8%aa-%d8%b4%db%8c%d8%b4%d9%87-%d8%a7%db%8c-20-%d8%a7%db%8c%d9%86%da%86/",
      "image": "https://defrost.ir/shop/wp-content/uploads/2019/01/هیترشیشه-ای-20-600x600.jpg",
      "description": {
        "fa": "",
        "en": "",
        "ar": ""
      }
    },
    {
      "name": {
        "fa": "المنت شیشه ای 22 اینچ",
        "en": "المنت شیشه ای 22 اینچ",
        "ar": "المنت شیشه ای 22 اینچ"
      },
      "url": "https://defrost.ir/shop/product/%d8%a7%d9%84%d9%85%d9%86%d8%aa-%d8%b4%db%8c%d8%b4%d9%87-%d8%a7%db%8c-22-%d8%a7%db%8c%d9%86%da%86/",
      "image": "https://defrost.ir/shop/wp-content/uploads/2019/01/هیترشیشه-ای-22-600x600.jpg",
      "description": {
        "fa": "",
        "en": "",
        "ar": ""
      }
    },
    {
      "name": {
        "fa": "المنت شیشه ای 22 اینچ",
        "en": "المنت شیشه ای 22 اینچ",
        "ar": "المنت شیشه ای 22 اینچ"
      },
      "url": "https://defrost.ir/shop/product/%d8%a7%d9%84%d9%85%d9%86%d8%aa-%d8%b4%db%8c%d8%b4%d9%87-%d8%a7%db%8c-22-%d8%a7%db%8c%d9%86%da%86/",
      "image": "https://defrost.ir/shop/wp-content/uploads/2019/01/هیترشیشه-ای-22-600x600.jpg",
      "description": {
        "fa": "",
        "en": "",
        "ar": ""
      }
    },
    {
      "name": {
        "fa": "المنت فریزر ساید سامسونگ",
        "en": "المنت فریزر ساید سامسونگ",
        "ar": "المنت فریزر ساید سامسونگ"
      },
      "url": "https://defrost.ir/shop/product/camera-aoh-35/",
      "image": "https://defrost.ir/shop/wp-content/uploads/2014/11/328-600x600.jpg",
      "description": {
        "fa": "",
        "en": "",
        "ar": ""
      }
    },
    {
      "name": {
        "fa": "المنت فریزر ساید سامسونگ",
        "en": "المنت فریزر ساید سامسونگ",
        "ar": "المنت فریزر ساید سامسونگ"
      },
      "url": "https://defrost.ir/shop/product/camera-aoh-35/",
      "image": "https://defrost.ir/shop/wp-content/uploads/2014/11/328-600x600.jpg",
      "description": {
        "fa": "",
        "en": "",
        "ar": ""
      }
    },
    {
      "name": {
        "fa": "المنت فریزر هیمالیا",
        "en": "المنت فریزر هیمالیا",
        "ar": "المنت فریزر هیمالیا"
      },
      "url": "https://defrost.ir/shop/product/%d8%a7%d9%84%d9%85%d9%86%d8%aa-%d9%81%d8%b1%db%8c%d8%b2%d8%b1-%d9%87%db%8c%d9%85%d8%a7%d9%84%db%8c%d8%a7/",
      "image": "https://defrost.ir/shop/wp-content/uploads/2022/09/فریزر10خط-600x600.jpg",
      "description": {
        "fa": "",
        "en": "",
        "ar": ""
      }
    },
    {
      "name": {
        "fa": "المنت فریزر هیمالیا",
        "en": "المنت فریزر هیمالیا",
        "ar": "المنت فریزر هیمالیا"
      },
      "url": "https://defrost.ir/shop/product/%d8%a7%d9%84%d9%85%d9%86%d8%aa-%d9%81%d8%b1%db%8c%d8%b2%d8%b1-%d9%87%db%8c%d9%85%d8%a7%d9%84%db%8c%d8%a7/",
      "image": "https://defrost.ir/shop/wp-content/uploads/2022/09/فریزر10خط-600x600.jpg",
      "description": {
        "fa": "",
        "en": "",
        "ar": ""
      }
    },
    {
      "name": {
        "fa": "المنت فریزری الکترواستیل و ایرانشرق",
        "en": "المنت فریزری الکترواستیل و ایرانشرق",
        "ar": "المنت فریزری الکترواستیل و ایرانشرق"
      },
      "url": "https://defrost.ir/shop/product/unisex-quartz-watch/",
      "image": "https://defrost.ir/shop/wp-content/uploads/2014/11/315-600x600.jpg",
      "description": {
        "fa": "",
        "en": "",
        "ar": ""
      }
    },
    {
      "name": {
        "fa": "المنت فریزری الکترواستیل و ایرانشرق",
        "en": "المنت فریزری الکترواستیل و ایرانشرق",
        "ar": "المنت فریزری الکترواستیل و ایرانشرق"
      },
      "url": "https://defrost.ir/shop/product/unisex-quartz-watch/",
      "image": "https://defrost.ir/shop/wp-content/uploads/2014/11/315-600x600.jpg",
      "description": {
        "fa": "",
        "en": "",
        "ar": ""
      }
    },
    {
      "name": {
        "fa": "المنت قایقی سامسونگ 12 خط",
        "en": "المنت قایقی سامسونگ 12 خط",
        "ar": "المنت قایقی سامسونگ 12 خط"
      },
      "url": "https://defrost.ir/shop/product/%d8%a7%d9%84%d9%85%d9%86%d8%aa-%d9%82%d8%a7%db%8c%d9%82%db%8c-%d8%b3%d8%a7%d9%85%d8%b3%d9%88%d9%86%da%af-12-%d8%ae%d8%b7/",
      "image": "https://defrost.ir/shop/wp-content/uploads/2022/09/قایقی12خط-600x600.jpg",
      "description": {
        "fa": "",
        "en": "",
        "ar": ""
      }
    },
    {
      "name": {
        "fa": "المنت قایقی سامسونگ 12 خط",
        "en": "المنت قایقی سامسونگ 12 خط",
        "ar": "المنت قایقی سامسونگ 12 خط"
      },
      "url": "https://defrost.ir/shop/product/%d8%a7%d9%84%d9%85%d9%86%d8%aa-%d9%82%d8%a7%db%8c%d9%82%db%8c-%d8%b3%d8%a7%d9%85%d8%b3%d9%88%d9%86%da%af-12-%d8%ae%d8%b7/",
      "image": "https://defrost.ir/shop/wp-content/uploads/2022/09/قایقی12خط-600x600.jpg",
      "description": {
        "fa": "",
        "en": "",
        "ar": ""
      }
    },
    {
      "name": {
        "fa": "المنت قایقی سامسونگ 16 خط",
        "en": "المنت قایقی سامسونگ 16 خط",
        "ar": "المنت قایقی سامسونگ 16 خط"
      },
      "url": "https://defrost.ir/shop/product/%d8%a7%d9%84%d9%85%d9%86%d8%aa-%d9%82%d8%a7%db%8c%d9%82%db%8c-%d8%b3%d8%a7%d9%85%d8%b3%d9%88%d9%86%da%af-16-%d8%ae%d8%b7/",
      "image": "https://defrost.ir/shop/wp-content/uploads/2022/09/قایقی16خط-600x600.jpg",
      "description": {
        "fa": "",
        "en": "",
        "ar": ""
      }
    },
    {
      "name": {
        "fa": "المنت قایقی سامسونگ 16 خط",
        "en": "المنت قایقی سامسونگ 16 خط",
        "ar": "المنت قایقی سامسونگ 16 خط"
      },
      "url": "https://defrost.ir/shop/product/%d8%a7%d9%84%d9%85%d9%86%d8%aa-%d9%82%d8%a7%db%8c%d9%82%db%8c-%d8%b3%d8%a7%d9%85%d8%b3%d9%88%d9%86%da%af-16-%d8%ae%d8%b7/",
      "image": "https://defrost.ir/shop/wp-content/uploads/2022/09/قایقی16خط-600x600.jpg",
      "description": {
        "fa": "",
        "en": "",
        "ar": ""
      }
    },
    {
      "name": {
        "fa": "المنت میله ای 120 سی سی",
        "en": "المنت میله ای 120 سی سی",
        "ar": "المنت میله ای 120 سی سی"
      },
      "url": "https://defrost.ir/shop/product/%d8%a7%d9%84%d9%85%d9%86%d8%aa-%d9%85%db%8c%d9%84%d9%87-%d8%a7%db%8c-120-%d8%b3%db%8c-%d8%b3%db%8c/",
      "image": "https://defrost.ir/shop/wp-content/uploads/2019/02/124-600x600.jpg",
      "description": {
        "fa": "",
        "en": "",
        "ar": ""
      }
    },
    {
      "name": {
        "fa": "المنت میله ای 120 سی سی",
        "en": "المنت میله ای 120 سی سی",
        "ar": "المنت میله ای 120 سی سی"
      },
      "url": "https://defrost.ir/shop/product/%d8%a7%d9%84%d9%85%d9%86%d8%aa-%d9%85%db%8c%d9%84%d9%87-%d8%a7%db%8c-120-%d8%b3%db%8c-%d8%b3%db%8c/",
      "image": "https://defrost.ir/shop/wp-content/uploads/2019/02/124-600x600.jpg",
      "description": {
        "fa": "",
        "en": "",
        "ar": ""
      }
    },
    {
      "name": {
        "fa": "المنت هیمالیا 530 طرح جدید",
        "en": "المنت هیمالیا 530 طرح جدید",
        "ar": "المنت هیمالیا 530 طرح جدید"
      },
      "url": "https://defrost.ir/shop/product/%d8%a7%d9%84%d9%85%d9%86%d8%aa-%d9%87%db%8c%d9%85%d8%a7%d9%84%db%8c%d8%a7-530-%d8%b7%d8%b1%d8%ad-%d8%ac%d8%af%db%8c%d8%af/",
      "image": "https://defrost.ir/shop/wp-content/uploads/2022/09/530جدید-600x600.jpg",
      "description": {
        "fa": "",
        "en": "",
        "ar": ""
      }
    },
    {
      "name": {
        "fa": "المنت هیمالیا 530 طرح جدید",
        "en": "المنت هیمالیا 530 طرح جدید",
        "ar": "المنت هیمالیا 530 طرح جدید"
      },
      "url": "https://defrost.ir/shop/product/%d8%a7%d9%84%d9%85%d9%86%d8%aa-%d9%87%db%8c%d9%85%d8%a7%d9%84%db%8c%d8%a7-530-%d8%b7%d8%b1%d8%ad-%d8%ac%d8%af%db%8c%d8%af/",
      "image": "https://defrost.ir/shop/wp-content/uploads/2022/09/530جدید-600x600.jpg",
      "description": {
        "fa": "",
        "en": "",
        "ar": ""
      }
    },
    {
      "name": {
        "fa": "المنت هیمالیا 530 طرح قدیم",
        "en": "المنت هیمالیا 530 طرح قدیم",
        "ar": "المنت هیمالیا 530 طرح قدیم"
      },
      "url": "https://defrost.ir/shop/product/%d8%a7%d9%84%d9%85%d9%86%d8%aa-%d9%87%db%8c%d9%85%d8%a7%d9%84%db%8c%d8%a7-530-%d8%b7%d8%b1%d8%ad-%d9%82%d8%af%db%8c%d9%85/",
      "image": "https://defrost.ir/shop/wp-content/uploads/2022/09/530قدیم-600x600.jpg",
      "description": {
        "fa": "",
        "en": "",
        "ar": ""
      }
    },
    {
      "name": {
        "fa": "المنت هیمالیا 530 طرح قدیم",
        "en": "المنت هیمالیا 530 طرح قدیم",
        "ar": "المنت هیمالیا 530 طرح قدیم"
      },
      "url": "https://defrost.ir/shop/product/%d8%a7%d9%84%d9%85%d9%86%d8%aa-%d9%87%db%8c%d9%85%d8%a7%d9%84%db%8c%d8%a7-530-%d8%b7%d8%b1%d8%ad-%d9%82%d8%af%db%8c%d9%85/",
      "image": "https://defrost.ir/shop/wp-content/uploads/2022/09/530قدیم-600x600.jpg",
      "description": {
        "fa": "",
        "en": "",
        "ar": ""
      }
    },
    {
      "name": {
        "fa": "المنت هیمالیا لوله 4",
        "en": "المنت هیمالیا لوله 4",
        "ar": "المنت هیمالیا لوله 4"
      },
      "url": "https://defrost.ir/shop/product/camera-bag/",
      "image": "https://defrost.ir/shop/wp-content/uploads/2014/10/323-600x600.jpg",
      "description": {
        "fa": "",
        "en": "",
        "ar": ""
      }
    },
    {
      "name": {
        "fa": "المنت هیمالیا لوله 4",
        "en": "المنت هیمالیا لوله 4",
        "ar": "المنت هیمالیا لوله 4"
      },
      "url": "https://defrost.ir/shop/product/camera-bag/",
      "image": "https://defrost.ir/shop/wp-content/uploads/2014/10/323-600x600.jpg",
      "description": {
        "fa": "",
        "en": "",
        "ar": ""
      }
    },
    {
      "name": {
        "fa": "المنت چسبی تی کوچک",
        "en": "المنت چسبی تی کوچک",
        "ar": "المنت چسبی تی کوچک"
      },
      "url": "https://defrost.ir/shop/product/kingaci-smart/",
      "image": "https://defrost.ir/shop/wp-content/uploads/2014/10/335-600x600.jpg",
      "description": {
        "fa": "",
        "en": "",
        "ar": ""
      }
    },
    {
      "name": {
        "fa": "المنت چسبی تی کوچک",
        "en": "المنت چسبی تی کوچک",
        "ar": "المنت چسبی تی کوچک"
      },
      "url": "https://defrost.ir/shop/product/kingaci-smart/",
      "image": "https://defrost.ir/shop/wp-content/uploads/2014/10/335-600x600.jpg",
      "description": {
        "fa": "",
        "en": "",
        "ar": ""
      }
    },
    {
      "name": {
        "fa": "المنت چسبی درین دار 50 * 10",
        "en": "المنت چسبی درین دار 50 * 10",
        "ar": "المنت چسبی درین دار 50 * 10"
      },
      "url": "https://defrost.ir/shop/product/notebook-x55/",
      "image": "https://defrost.ir/shop/wp-content/uploads/2014/10/336-600x600.jpg",
      "description": {
        "fa": "",
        "en": "",
        "ar": ""
      }
    },
    {
      "name": {
        "fa": "المنت چسبی درین دار 50 * 10",
        "en": "المنت چسبی درین دار 50 * 10",
        "ar": "المنت چسبی درین دار 50 * 10"
      },
      "url": "https://defrost.ir/shop/product/notebook-x55/",
      "image": "https://defrost.ir/shop/wp-content/uploads/2014/10/336-600x600.jpg",
      "description": {
        "fa": "",
        "en": "",
        "ar": ""
      }
    },
    {
      "name": {
        "fa": "المنت چسبی دمپر نیکسان",
        "en": "المنت چسبی دمپر نیکسان",
        "ar": "المنت چسبی دمپر نیکسان"
      },
      "url": "https://defrost.ir/shop/product/%d8%a7%d9%84%d9%85%d9%86%d8%aa-%da%86%d8%b3%d8%a8%db%8c-%d8%af%d9%85%d9%be%d8%b1-%d9%86%db%8c%da%a9%d8%b3%d8%a7%d9%86/",
      "image": "https://defrost.ir/shop/wp-content/uploads/2022/05/دمپر-نیکسان-600x600.jpg",
      "description": {
        "fa": "",
        "en": "",
        "ar": ""
      }
    },
    {
      "name": {
        "fa": "المنت چسبی دمپر نیکسان",
        "en": "المنت چسبی دمپر نیکسان",
        "ar": "المنت چسبی دمپر نیکسان"
      },
      "url": "https://defrost.ir/shop/product/%d8%a7%d9%84%d9%85%d9%86%d8%aa-%da%86%d8%b3%d8%a8%db%8c-%d8%af%d9%85%d9%be%d8%b1-%d9%86%db%8c%da%a9%d8%b3%d8%a7%d9%86/",
      "image": "https://defrost.ir/shop/wp-content/uploads/2022/05/دمپر-نیکسان-600x600.jpg",
      "description": {
        "fa": "",
        "en": "",
        "ar": ""
      }
    },
    {
      "name": {
        "fa": "المنت چسبی دولایه 180cc",
        "en": "المنت چسبی دولایه 180cc",
        "ar": "المنت چسبی دولایه 180cc"
      },
      "url": "https://defrost.ir/shop/product/%d8%a7%d9%84%d9%85%d9%86%d8%aa-%da%86%d8%b3%d8%a8%db%8c-%d8%af%d9%88%d9%84%d8%a7%db%8c%d9%87-180cc/",
      "image": "https://defrost.ir/shop/wp-content/uploads/2022/05/180cc-600x600.jpg",
      "description": {
        "fa": "",
        "en": "",
        "ar": ""
      }
    },
    {
      "name": {
        "fa": "المنت چسبی دولایه 180cc",
        "en": "المنت چسبی دولایه 180cc",
        "ar": "المنت چسبی دولایه 180cc"
      },
      "url": "https://defrost.ir/shop/product/%d8%a7%d9%84%d9%85%d9%86%d8%aa-%da%86%d8%b3%d8%a8%db%8c-%d8%af%d9%88%d9%84%d8%a7%db%8c%d9%87-180cc/",
      "image": "https://defrost.ir/shop/wp-content/uploads/2022/05/180cc-600x600.jpg",
      "description": {
        "fa": "",
        "en": "",
        "ar": ""
      }
    },
    {
      "name": {
        "fa": "المنت چسبی سینجر بزرگ",
        "en": "المنت چسبی سینجر بزرگ",
        "ar": "المنت چسبی سینجر بزرگ"
      },
      "url": "https://defrost.ir/shop/product/%d8%a7%d9%84%d9%85%d9%86%d8%aa-%da%86%d8%b3%d8%a8%db%8c-%d9%87%db%8c%d9%85%d8%a7%d9%84%db%8c%d8%a7/",
      "image": "https://defrost.ir/shop/wp-content/uploads/2018/02/309-600x600.jpg",
      "description": {
        "fa": "",
        "en": "",
        "ar": ""
      }
    },
    {
      "name": {
        "fa": "المنت چسبی سینجر بزرگ",
        "en": "المنت چسبی سینجر بزرگ",
        "ar": "المنت چسبی سینجر بزرگ"
      },
      "url": "https://defrost.ir/shop/product/%d8%a7%d9%84%d9%85%d9%86%d8%aa-%da%86%d8%b3%d8%a8%db%8c-%d9%87%db%8c%d9%85%d8%a7%d9%84%db%8c%d8%a7/",
      "image": "https://defrost.ir/shop/wp-content/uploads/2018/02/309-600x600.jpg",
      "description": {
        "fa": "",
        "en": "",
        "ar": ""
      }
    },
    {
      "name": {
        "fa": "المنت گرد 5 متری لوله 4 و 6",
        "en": "المنت گرد 5 متری لوله 4 و 6",
        "ar": "المنت گرد 5 متری لوله 4 و 6"
      },
      "url": "https://defrost.ir/shop/product/%d8%a7%d9%84%d9%85%d9%86%d8%aa-%da%af%d8%b1%d8%af-5-%d9%85%d8%aa%d8%b1%db%8c-%d9%84%d9%88%d9%84%d9%87-6/",
      "image": "https://defrost.ir/shop/wp-content/uploads/2019/01/1-600x600.jpg",
      "description": {
        "fa": "",
        "en": "",
        "ar": ""
      }
    },
    {
      "name": {
        "fa": "المنت گرد 5 متری لوله 4 و 6",
        "en": "المنت گرد 5 متری لوله 4 و 6",
        "ar": "المنت گرد 5 متری لوله 4 و 6"
      },
      "url": "https://defrost.ir/shop/product/%d8%a7%d9%84%d9%85%d9%86%d8%aa-%da%af%d8%b1%d8%af-5-%d9%85%d8%aa%d8%b1%db%8c-%d9%84%d9%88%d9%84%d9%87-6/",
      "image": "https://defrost.ir/shop/wp-content/uploads/2019/01/1-600x600.jpg",
      "description": {
        "fa": "",
        "en": "",
        "ar": ""
      }
    },
    {
      "name": {
        "fa": "المنت گرد 6 متری لوله 4 و 6",
        "en": "المنت گرد 6 متری لوله 4 و 6",
        "ar": "المنت گرد 6 متری لوله 4 و 6"
      },
      "url": "https://defrost.ir/shop/product/%d8%a7%d9%84%d9%85%d9%86%d8%aa-%da%af%d8%b1%d8%af-6-%d9%85%d8%aa%d8%b1%db%8c-%d9%84%d9%88%d9%84%d9%87-6/",
      "image": "https://defrost.ir/shop/wp-content/uploads/2019/01/1-600x600.jpg",
      "description": {
        "fa": "",
        "en": "",
        "ar": ""
      }
    },
    {
      "name": {
        "fa": "المنت گرد 6 متری لوله 4 و 6",
        "en": "المنت گرد 6 متری لوله 4 و 6",
        "ar": "المنت گرد 6 متری لوله 4 و 6"
      },
      "url": "https://defrost.ir/shop/product/%d8%a7%d9%84%d9%85%d9%86%d8%aa-%da%af%d8%b1%d8%af-6-%d9%85%d8%aa%d8%b1%db%8c-%d9%84%d9%88%d9%84%d9%87-6/",
      "image": "https://defrost.ir/shop/wp-content/uploads/2019/01/1-600x600.jpg",
      "description": {
        "fa": "",
        "en": "",
        "ar": ""
      }
    },
    {
      "name": {
        "fa": "المنت گرد 7 متری لوله 4 و 6",
        "en": "المنت گرد 7 متری لوله 4 و 6",
        "ar": "المنت گرد 7 متری لوله 4 و 6"
      },
      "url": "https://defrost.ir/shop/product/%d8%a7%d9%84%d9%85%d9%86%d8%aa-%da%af%d8%b1%d8%af-7-%d9%85%d8%aa%d8%b1%db%8c-%d9%84%d9%88%d9%84%d9%87-6/",
      "image": "https://defrost.ir/shop/wp-content/uploads/2019/01/1-600x600.jpg",
      "description": {
        "fa": "",
        "en": "",
        "ar": ""
      }
    },
    {
      "name": {
        "fa": "المنت گرد 7 متری لوله 4 و 6",
        "en": "المنت گرد 7 متری لوله 4 و 6",
        "ar": "المنت گرد 7 متری لوله 4 و 6"
      },
      "url": "https://defrost.ir/shop/product/%d8%a7%d9%84%d9%85%d9%86%d8%aa-%da%af%d8%b1%d8%af-7-%d9%85%d8%aa%d8%b1%db%8c-%d9%84%d9%88%d9%84%d9%87-6/",
      "image": "https://defrost.ir/shop/wp-content/uploads/2019/01/1-600x600.jpg",
      "description": {
        "fa": "",
        "en": "",
        "ar": ""
      }
    },
    {
      "name": {
        "fa": "المنت گرد 8 متری لوله 4 و 6",
        "en": "المنت گرد 8 متری لوله 4 و 6",
        "ar": "المنت گرد 8 متری لوله 4 و 6"
      },
      "url": "https://defrost.ir/shop/product/%d8%a7%d9%84%d9%85%d9%86%d8%aa-%da%af%d8%b1%d8%af-8-%d9%85%d8%aa%d8%b1%db%8c-%d9%84%d9%88%d9%84%d9%87-6/",
      "image": "https://defrost.ir/shop/wp-content/uploads/2019/01/1-600x600.jpg",
      "description": {
        "fa": "",
        "en": "",
        "ar": ""
      }
    },
    {
      "name": {
        "fa": "المنت گرد 8 متری لوله 4 و 6",
        "en": "المنت گرد 8 متری لوله 4 و 6",
        "ar": "المنت گرد 8 متری لوله 4 و 6"
      },
      "url": "https://defrost.ir/shop/product/%d8%a7%d9%84%d9%85%d9%86%d8%aa-%da%af%d8%b1%d8%af-8-%d9%85%d8%aa%d8%b1%db%8c-%d9%84%d9%88%d9%84%d9%87-6/",
      "image": "https://defrost.ir/shop/wp-content/uploads/2019/01/1-600x600.jpg",
      "description": {
        "fa": "",
        "en": "",
        "ar": ""
      }
    },
    {
      "name": {
        "fa": "المنت یخچال الکترواستیل و ایرانشرق",
        "en": "المنت یخچال الکترواستیل و ایرانشرق",
        "ar": "المنت یخچال الکترواستیل و ایرانشرق"
      },
      "url": "https://defrost.ir/shop/product/dbbs-headphones/",
      "image": "https://defrost.ir/shop/wp-content/uploads/2014/11/316-600x600.jpg",
      "description": {
        "fa": "",
        "en": "",
        "ar": ""
      }
    },
    {
      "name": {
        "fa": "المنت یخچال الکترواستیل و ایرانشرق",
        "en": "المنت یخچال الکترواستیل و ایرانشرق",
        "ar": "المنت یخچال الکترواستیل و ایرانشرق"
      },
      "url": "https://defrost.ir/shop/product/dbbs-headphones/",
      "image": "https://defrost.ir/shop/wp-content/uploads/2014/11/316-600x600.jpg",
      "description": {
        "fa": "",
        "en": "",
        "ar": ""
      }
    },
    {
      "name": {
        "fa": "المنت یخچال بکو _ آرچلیک",
        "en": "المنت یخچال بکو _ آرچلیک",
        "ar": "المنت یخچال بکو _ آرچلیک"
      },
      "url": "https://defrost.ir/shop/product/hybrid-pad/",
      "image": "https://defrost.ir/shop/wp-content/uploads/2014/10/327-600x600.jpg",
      "description": {
        "fa": "",
        "en": "",
        "ar": ""
      }
    },
    {
      "name": {
        "fa": "المنت یخچال بکو _ آرچلیک",
        "en": "المنت یخچال بکو _ آرچلیک",
        "ar": "المنت یخچال بکو _ آرچلیک"
      },
      "url": "https://defrost.ir/shop/product/hybrid-pad/",
      "image": "https://defrost.ir/shop/wp-content/uploads/2014/10/327-600x600.jpg",
      "description": {
        "fa": "",
        "en": "",
        "ar": ""
      }
    },
    {
      "name": {
        "fa": "المنت یخچال فریزر اکسپریال و برانت",
        "en": "المنت یخچال فریزر اکسپریال و برانت",
        "ar": "المنت یخچال فریزر اکسپریال و برانت"
      },
      "url": "https://defrost.ir/shop/product/wireless-headset/",
      "image": "https://defrost.ir/shop/wp-content/uploads/2014/11/314-600x600.jpg",
      "description": {
        "fa": "",
        "en": "",
        "ar": ""
      }
    },
    {
      "name": {
        "fa": "المنت یخچال فریزر اکسپریال و برانت",
        "en": "المنت یخچال فریزر اکسپریال و برانت",
        "ar": "المنت یخچال فریزر اکسپریال و برانت"
      },
      "url": "https://defrost.ir/shop/product/wireless-headset/",
      "image": "https://defrost.ir/shop/wp-content/uploads/2014/11/314-600x600.jpg",
      "description": {
        "fa": "",
        "en": "",
        "ar": ""
      }
    },
    {
      "name": {
        "fa": "المنت یخچال فریزر سامسونگ",
        "en": "المنت یخچال فریزر سامسونگ",
        "ar": "المنت یخچال فریزر سامسونگ"
      },
      "url": "https://defrost.ir/shop/product/%d8%a7%d9%84%d9%85%d9%86%d8%aa-%db%8c%d8%ae%da%86%d8%a7%d9%84-%d9%81%d8%b1%db%8c%d8%b2%d8%b1-%d8%b3%d8%a7%d9%85%d8%b3%d9%88%d9%86%da%af/",
      "image": "https://defrost.ir/shop/wp-content/uploads/2022/09/1-600x600.jpg",
      "description": {
        "fa": "",
        "en": "",
        "ar": ""
      }
    },
    {
      "name": {
        "fa": "المنت یخچال فریزر سامسونگ",
        "en": "المنت یخچال فریزر سامسونگ",
        "ar": "المنت یخچال فریزر سامسونگ"
      },
      "url": "https://defrost.ir/shop/product/%d8%a7%d9%84%d9%85%d9%86%d8%aa-%db%8c%d8%ae%da%86%d8%a7%d9%84-%d9%81%d8%b1%db%8c%d8%b2%d8%b1-%d8%b3%d8%a7%d9%85%d8%b3%d9%88%d9%86%da%af/",
      "image": "https://defrost.ir/shop/wp-content/uploads/2022/09/1-600x600.jpg",
      "description": {
        "fa": "",
        "en": "",
        "ar": ""
      }
    },
    {
      "name": {
        "fa": "المنت یخچال فریزر پارس",
        "en": "المنت یخچال فریزر پارس",
        "ar": "المنت یخچال فریزر پارس"
      },
      "url": "https://defrost.ir/shop/product/poseid-armchair/",
      "image": "https://defrost.ir/shop/wp-content/uploads/2014/10/317-600x600.jpg",
      "description": {
        "fa": "",
        "en": "",
        "ar": ""
      }
    },
    {
      "name": {
        "fa": "المنت یخچال فریزر پارس",
        "en": "المنت یخچال فریزر پارس",
        "ar": "المنت یخچال فریزر پارس"
      },
      "url": "https://defrost.ir/shop/product/poseid-armchair/",
      "image": "https://defrost.ir/shop/wp-content/uploads/2014/10/317-600x600.jpg",
      "description": {
        "fa": "",
        "en": "",
        "ar": ""
      }
    },
    {
      "name": {
        "fa": "المنت یو الکترواستیل 350 وات",
        "en": "المنت یو الکترواستیل 350 وات",
        "ar": "المنت یو الکترواستیل 350 وات"
      },
      "url": "https://defrost.ir/shop/product/%d8%a7%d9%84%d9%85%d9%86%d8%aa-%db%8c%d9%88-%d8%a7%d9%84%da%a9%d8%aa%d8%b1%d9%88%d8%a7%d8%b3%d8%aa%db%8c%d9%84-350-%d9%88%d8%a7%d8%aa/",
      "image": "https://defrost.ir/shop/wp-content/uploads/2019/02/22-600x600.jpg",
      "description": {
        "fa": "",
        "en": "",
        "ar": ""
      }
    },
    {
      "name": {
        "fa": "المنت یو الکترواستیل 350 وات",
        "en": "المنت یو الکترواستیل 350 وات",
        "ar": "المنت یو الکترواستیل 350 وات"
      },
      "url": "https://defrost.ir/shop/product/%d8%a7%d9%84%d9%85%d9%86%d8%aa-%db%8c%d9%88-%d8%a7%d9%84%da%a9%d8%aa%d8%b1%d9%88%d8%a7%d8%b3%d8%aa%db%8c%d9%84-350-%d9%88%d8%a7%d8%aa/",
      "image": "https://defrost.ir/shop/wp-content/uploads/2019/02/22-600x600.jpg",
      "description": {
        "fa": "",
        "en": "",
        "ar": ""
      }
    },
    {
      "name": {
        "fa": "قفل چسبی یخچال",
        "en": "قفل چسبی یخچال",
        "ar": "قفل چسبی یخچال"
      },
      "url": "https://defrost.ir/shop/product/diva-glasses/",
      "image": "https://defrost.ir/shop/wp-content/uploads/2014/11/341-600x600.jpg",
      "description": {
        "fa": "",
        "en": "",
        "ar": ""
      }
    },
    {
      "name": {
        "fa": "قفل چسبی یخچال",
        "en": "قفل چسبی یخچال",
        "ar": "قفل چسبی یخچال"
      },
      "url": "https://defrost.ir/shop/product/diva-glasses/",
      "image": "https://defrost.ir/shop/wp-content/uploads/2014/11/341-600x600.jpg",
      "description": {
        "fa": "",
        "en": "",
        "ar": ""
      }
    }
  ]
}