{
  "category_name": {
    "fa": "فن یخچال",
    "en": "Refrigerator Fan",
    "ar": "مروحة الثلاجة",
    "ru": "Вентилятор холодильника",
    "ur": "ریفریجریٹر فین",
    "kk": "Тоңазытқыш желдеткіші",
    "ku": "فەنی سەرماکەرەوە",
    "hy": "Սառնարանի օդափոխիչ",
    "tr": "Buzdolabı Fanı"
  },
  "category_url": "https://defrost.ir/shop/product-category/spare-parts-for-refrigerators/refrigerator-fan/",
  "products": [
    {
      "name": {
        "fa": "فن 6110 دورت سرفلزی",
        "en": "6110 Rotor Steel",
        "ar": "مروحة 6110 دوار معدني",
        "ru": "6110 Ротор стальной",
        "ur": "6110 روٹر اسٹیل",
        "kk": "6110 Болат ротор",
        "ku": "فەن 6110 سەرفەڵەزی",
        "hy": "6110 պողպատե ռոտոր",
        "tr": "6110 Çelik Rotor"
      },
      "url": "https://defrost.ir/shop/product/%d9%81%d9%86-6110/",
      "image": "https://defrost.ir/shop/wp-content/uploads/2020/10/دورت-فلزی-600x600.jpg",
      "description": {
        "fa": "فن یخچال مدل 6110 با روتور فلزی، مناسب برای انواع یخچال‌ها.",
        "en": "Refrigerator fan model 6110 with steel rotor, suitable for all types of refrigerators.",
        "ar": "مروحة ثلاجة موديل 6110 بدوار معدني، مناسبة لجميع أنواع الثلاجات.",
        "ru": "Вентилятор холодильника 6110 с металлическим ротором, подходит для всех типов холодильников.",
        "ur": "ریفریجریٹر فین ماڈل 6110 اسٹیل روٹر کے ساتھ، تمام اقسام کے ریفریجریٹرز کے لیے موزوں۔",
        "kk": "6110 үлгісіндегі тоңазытқыш желдеткіші, болат роторымен, барлық тоңазытқыш түрлеріне жарамды.",
        "ku": "فەنی یخچال 6110 بە سەرفەڵەزی، گونجاو بۆ هەموو جۆری یخچال.",
        "hy": "6110 մոդելի սառնարանի օդափոխիչ պողպատե ռոտորով, հարմար է բոլոր տեսակի սառնարանների համար։",
        "tr": ""
      }
    },
    {
      "name": {
        "fa": "فن 6110 دورت سرفلزی",
        "en": "6110 Rotor Steel",
        "ar": "مروحة 6110 دوار معدني",
        "ru": "6110 Ротор стальной",
        "ur": "6110 روٹر اسٹیل",
        "kk": "6110 Болат ротор",
        "ku": "فەن 6110 سەرفەڵەزی",
        "hy": "6110 պողպատե ռոտոր"
      },
      "url": "https://defrost.ir/shop/product/%d9%81%d9%86-6110/",
      "image": "https://defrost.ir/shop/wp-content/uploads/2020/10/دورت-فلزی-600x600.jpg",
      "description": {
        "fa": "فن یخچال مدل 6110 با روتور فلزی، مناسب برای انواع یخچال‌ها.",
        "en": "Refrigerator fan model 6110 with steel rotor, suitable for all types of refrigerators.",
        "ar": "مروحة ثلاجة موديل 6110 بدوار معدني، مناسبة لجميع أنواع الثلاجات.",
        "ru": "Вентилятор холодильника 6110 с металлическим ротором, подходит для всех типов холодильников.",
        "ur": "ریفریجریٹر فین ماڈل 6110 اسٹیل روٹر کے ساتھ، تمام اقسام کے ریفریجریٹرز کے لیے موزوں۔",
        "kk": "6110 үлгісіндегі тоңазытқыш желдеткіші, болат роторымен, барлық тоңазытқыш түрлеріне жарамды.",
        "ku": "فەنی یخچال 6110 بە سەرفەڵەزی، گونجاو بۆ هەموو جۆری یخچال.",
        "hy": "6110 մոդելի սառնարանի օդափոխիչ պողպատե ռոտորով, հարմար է բոլոր տեսակի սառնարանների համար։"
      }
    },
    {
      "name": {
        "fa": "فن 6110 دورت سرپلاستیکی",
        "en": "6110 Rotor Plastic",
        "ar": "مروحة 6110 دوار بلاستيكی",
        "ru": "6110 Пластиковый ротор",
        "ur": "6110 روٹر پلاسٹک",
        "kk": "6110 Пластикалық ротор",
        "ku": "فەن 6110 سەرسەوز",
        "hy": "6110 պլաստիկ ռոտոր"
      },
      "url": "https://defrost.ir/shop/product/%d9%81%d9%86-%d9%85%d8%b4%da%a9%db%8c-%d8%af%d9%88%d8%b1-%d8%a8%d8%a7%d9%84%d8%a7/",
      "image": "https://defrost.ir/shop/wp-content/uploads/2020/10/فن-دورت-پلاستیکی-600x600.jpg",
      "description": {
        "fa": "فن یخچال مدل 6110 با روتور پلاستیکی، سبک و مناسب برای انواع یخچال‌ها.",
        "en": "Refrigerator fan model 6110 with plastic rotor, lightweight and suitable for all types of refrigerators.",
        "ar": "مروحة ثلاجة موديل 6110 بدوار بلاستيكي، خفيفة الوزن ومناسبة لجميع أنواع الثلاجات.",
        "ru": "Вентилятор холодильника 6110 с пластиковым ротором, легкий и подходит для всех типов холодильников.",
        "ur": "ریفریجریٹر فین ماڈل 6110 پلاسٹک روٹر کے ساتھ، ہلکا اور تمام اقسام کے ریفریجریٹرز کے لیے موزوں۔",
        "kk": "6110 үлгісіндегі тоңазытқыш желдеткіші, пластикалық роторымен, жеңіл және барлық тоңазытқыш түрлеріне жарамды.",
        "ku": "فەنی یخچال 6110 بە سەرسەوز، سووک و گونجاو بۆ هەموو جۆری یخچال.",
        "hy": "6110 մոդելի սառնարանի օդափոխիչ պլաստիկ ռոտորով, թեթև և հարմար է բոլոր տեսակի սառնարանների համար։"
      }
    },
    {
      "name": {
        "fa": "فن 6110 دورت سرپلاستیکی",
        "en": "6110 Rotor Plastic",
        "ar": "مروحة 6110 دوار بلاستيكي",
        "ru": "6110 Пластиковый ротор",
        "ur": "6110 روٹر پلاسٹک",
        "kk": "6110 Пластикалық ротор",
        "ku": "فەن 6110 سەرسەوز",
        "hy": "6110 պլաստիկ ռոտոր"
      },
      "url": "https://defrost.ir/shop/product/%d9%81%d9%86-%d9%85%d8%b4%da%a9%db%8c-%d8%af%d9%88%d8%b1-%d8%a8%d8%a7%d9%84%d8%a7/",
      "image": "https://defrost.ir/shop/wp-content/uploads/2020/10/فن-دورت-پلاستیکی-600x600.jpg",
      "description": {
        "fa": "فن یخچال مدل 6110 با روتور پلاستیکی، سبک و مناسب برای انواع یخچال‌ها.",
        "en": "Refrigerator fan model 6110 with plastic rotor, lightweight and suitable for all types of refrigerators.",
        "ar": "مروحة ثلاجة موديل 6110 بدوار بلاستيكي، خفيفة الوزن ومناسبة لجميع أنواع الثلاجات.",
        "ru": "Вентилятор холодильника 6110 с пластиковым ротором, легкий и подходит для всех типов холодильников.",
        "ur": "ریفریجریٹر فین ماڈل 6110 پلاسٹک روٹر کے ساتھ، ہلکا اور تمام اقسام کے ریفریجریٹرز کے لیے موزوں۔",
        "kk": "6110 үлгісіндегі тоңазытқыш желдеткіші, пластикалық роторымен, жеңіл және барлық тоңазытқыш түрлеріне жарамды.",
        "ku": "فەنی یخچال 6110 بە سەرسەوز، سووک و گونجاو بۆ هەموو جۆری یخچال.",
        "hy": "6110 մոդելի սառնարանի օդափոխիչ պլաստիկ ռոտորով, թեթև և հարմար է բոլոր տեսակի սառնարանների համար։"
      }
    },
    {
      "name": {
        "fa": "فن 8 وات سوکت دار",
        "en": "8 Watt Socket Fan",
        "ar": "مروحة 8 وات بسوكت",
        "ru": "Вентилятор 8 Вт с разъемом",
        "ur": "8 واٹ ساکٹ فین",
        "kk": "8 ваттық розеткалы желдеткіш",
        "ku": "فەنی 8 وات سوکت دار",
        "hy": "8 վատտանոց օդափոխիչ վարդակով"
      },
      "url": "https://defrost.ir/shop/product/%d9%81%d9%86-8-%d9%88%d8%a7%d8%aa-%d8%b3%d9%88%da%a9%d8%aa-%d8%af%d8%a7%d8%b1/",
      "image": "https://defrost.ir/shop/wp-content/uploads/2018/01/74-600x600.jpg",
      "description": {
        "fa": "فن یخچال 8 وات سوکت دار، مناسب برای یخچال‌های مختلف.",
        "en": "8 watt socket refrigerator fan, suitable for various refrigerators.",
        "ar": "مروحة ثلاجة 8 وات بسوكت، مناسبة لأنواع مختلفة من الثلاجات.",
        "ru": "8-ваттный вентилятор для холодильника с разъемом, подходит для различных холодильников.",
        "ur": "8 واٹ ساکٹ ریفریجریٹر فین، مختلف ریفریجریٹرز کے لیے موزوں۔",
        "kk": "8 ватттық тоңазытқыш желдеткіші, розеткасымен, әртүрлі тоңазытқыштарға жарамды.",
        "ku": "فەنی یخچال 8 وات سوکت دار، گونجاو بۆ جۆری جیاواز یخچال.",
        "hy": "8 վատտանոց սառնարանի օդափոխիչ վարդակով, հարմար է տարբեր տեսակի սառնարանների համար։"
      }
    },
    {
      "name": {
        "fa": "فن اسنوایی",
        "en": "Asnavai Fan",
        "ar": "مروحة اسنوایی",
        "ru": "Вентилятор Аснаваи",
        "ur": "اسنوائی فین",
        "kk": "Аснаваи желдеткіші",
        "ku": "فەنی ئاسنوایی",
        "hy": "Ասնավայի օդափոխիչ",
        "tr": "Asnavai Fanı"
      },
      "url": "https://defrost.ir/shop/product/%d9%81%d9%86-%d8%a7%d8%b3%d9%86%d9%88%d8%a7%db%8c%db%8c/",
      "image": "https://defrost.ir/shop/wp-content/uploads/2020/10/فن1-600x600.jpg",
      "description": {
        "fa": "فن یخچال اسنوایی، مناسب برای یخچال‌های اسنوا و مدل‌های مشابه.",
        "en": "Asnavai refrigerator fan, suitable for Snowa refrigerators and similar models.",
        "ar": "مروحة ثلاجة اسنوایی، مناسبة لثلاجات اسنوا والنماذج المشابهة.",
        "ru": "Вентилятор для холодильника Аснаваи, подходит для холодильников Snowa и аналогичных моделей.",
        "ur": "اسنوائی ریفریجریٹر فین، اسنوا اور ملتے جلتے ماڈلز کے لیے موزوں۔",
        "kk": "Аснаваи тоңазытқыш желдеткіші, Snowa және ұқсас үлгілерге жарамды.",
        "ku": "فەنی یخچال ئاسنوایی، گونجاو بۆ یخچالەکانی Snowa و جۆرە هاوشێوەکان.",
        "hy": "Ասնավայի սառնարանի օդափոխիչ, հարմար է Snowa սառնարանների և նմանատիպ մոդելների համար։",
        "tr": "Asnavai Fanı, Snowa klima cihazları ve benzer modeller için uygundur."
      }
    },
    {
      "name": {
        "fa": "فن ال جی DC 13v کره ای",
        "en": "LG DC 13v Korean Fan",
        "ar": "مروحة ال جی DC 13v كورية",
        "ru": "Вентилятор LG DC 13v (Корея)",
        "ur": "ایل جی DC 13v کوریائی فین",
        "kk": "LG DC 13v корей желдеткіші",
        "ku": "فەنی LG DC 13v کۆریایی",
        "hy": "LG DC 13v կորեական օդափոխիչ",
        "tr": "LG DC 13v Korey Fanı"
      },
      "url": "https://defrost.ir/shop/product/%d9%81%d9%86-%d8%a7%d9%84-%d8%ac%db%8c-dc-13v-%da%a9%d8%b1%d9%87-%d8%a7%db%8c/",
      "image": "https://defrost.ir/shop/wp-content/uploads/2018/01/92-600x600.jpg",
      "description": {
        "fa": "فن یخچال ال جی DC 13v ساخت کره، مناسب برای یخچال‌های ال جی.",
        "en": "LG DC 13v Korean-made refrigerator fan, suitable for LG refrigerators.",
        "ar": "مروحة ثلاجة ال جی DC 13v صناعة كورية، مناسبة لثلاجات ال جی.",
        "ru": "Вентилятор для холодильника LG DC 13v, произведено в Корее, подходит для холодильников LG.",
        "ur": "ایل جی DC 13v کوریائی ریفریجریٹر فین، ایل جی ریفریجریٹرز کے لیے موزوں۔",
        "kk": "LG DC 13v корей тоңазытқыш желдеткіші, LG тоңазытқыштарына жарамды.",
        "ku": "فەنی یخچال LG DC 13v کۆریایی، گونجاو بۆ یخچالەکانی LG.",
        "hy": "LG DC 13v կորեական սառնարանի օդափոխիչ, հարմար է LG սառնարանների համար։",
        "tr": "LG DC 13v Korey Fanı, LG klima cihazları için uygundur."
      }
    },
    {
      "name": {
        "fa": "فن جنرال DC 9/75v",
        "en": "General DC 9/75v Fan",
        "ar": "مروحة جنرال DC 9/75v",
        "ru": "Вентилятор General DC 9/75v",
        "ur": "جنرل DC 9/75v فین",
        "kk": "General DC 9/75v желдеткіші",
        "ku": "فەنی General DC 9/75v",
        "hy": "General DC 9/75v օդափոխիչ",
        "tr": "General DC 9/75v Fan"
      },
      "url": "https://defrost.ir/shop/product/%d9%81%d9%86-%d8%ac%d9%86%d8%b1%d8%a7%d9%84-dc-9-75v/",
      "image": "https://defrost.ir/shop/wp-content/uploads/2018/01/84-600x600.jpg",
      "description": {
        "fa": "فن یخچال جنرال DC 9/75v، مناسب برای یخچال‌های جنرال و مدل‌های مشابه.",
        "en": "General DC 9/75v refrigerator fan, suitable for General refrigerators and similar models.",
        "ar": "مروحة ثلاجة جنرال DC 9/75v، مناسبة لثلاجات جنرال والنماذج المشابهة.",
        "ru": "Вентилятор для холодильника General DC 9/75v, подходит для холодильников General и аналогичных моделей.",
        "ur": "جنرل DC 9/75v ریفریجریٹر فین، جنرل اور ملتے جلتے ماڈلز کے لیے موزوں۔",
        "kk": "General DC 9/75v тоңазытқыш желдеткіші, General және ұқсас үлгілерге жарамды.",
        "ku": "فەنی یخچال General DC 9/75v، گونجاو بۆ یخچالەکانی General و جۆرە هاوشێوەکان.",
        "hy": "General DC 9/75v սառնարանի օդափոխիչ, հարմար է General սառնարանների և նմանատիպ մոդելների համար։",
        "tr": "General DC 9/75v Fan, General klima cihazları için uygundur."
      }
    },
    {
      "name": {
        "fa": "فن جنرال اصل تایلند DC 9/75V",
        "en": "General Thailand DC 9/75V Fan",
        "ar": "مروحة جنرال أصل تايلاند DC 9/75V",
        "ru": "Вентилятор General (Таиланд) DC 9/75V",
        "ur": "جنرل اصل تھائی لینڈ DC 9/75V فین",
        "kk": "General Тайланд DC 9/75V желдеткіші",
        "ku": "فەنی General تایلەند DC 9/75V",
        "hy": "General Թաիլանդ DC 9/75V օդափոխիչ",
        "tr": "General Tailand DC 9/75V Fan"
      },
      "url": "https://defrost.ir/shop/product/%d9%81%d9%86-%d8%ac%d9%86%d8%b1%d8%a7%d9%84-%d8%a7%d8%b5%d9%84-%d8%aa%d8%a7%db%8c%d9%84%d9%86%d8%af-dc-9-75v/",
      "image": "https://defrost.ir/shop/wp-content/uploads/2018/01/85-600x600.jpg",
      "description": {
        "fa": "فن یخچال جنرال اصل تایلند DC 9/75V، کیفیت بالا و مناسب برای یخچال‌های جنرال.",
        "en": "General Thailand DC 9/75V original refrigerator fan, high quality and suitable for General refrigerators.",
        "ar": "مروحة ثلاجة جنرال أصل تايلاند DC 9/75V، عالية الجودة ومناسبة لثلاجات جنرال.",
        "ru": "Оригинальный вентилятор General (Таиланд) DC 9/75V, высокое качество, подходит для холодильников General.",
        "ur": "جنرل اصل تھائی لینڈ DC 9/75V ریفریجریٹر فین، اعلیٰ معیار اور جنرل ریفریجریٹرز کے لیے موزوں۔",
        "kk": "General Тайланд DC 9/75V түпнұсқа тоңазытқыш желдеткіші, жоғары сапалы, General тоңазытқыштарына жарамды.",
        "ku": "فەنی یخچال General تایلەند DC 9/75V، جۆری باڵا و گونجاو بۆ یخچالەکانی General.",
        "hy": "General Թաիլանդ DC 9/75V օրիգինալ սառնարանի օդափոխիչ, բարձր որակ, հարմար է General սառնարանների համար։",
        "tr": "General Tailand DC 9/75V Fan, gençlik ve gençlik klima cihazları için uygundur."
      }
    },
    {
      "name": {
        "fa": "فن دوو کره ای",
        "en": "Dowu Motor",
        "ar": "فن دوو کره ای",
        "ur": "فن دوو کره ای"
      },
      "url": "https://defrost.ir/shop/product/%d9%81%d9%86-%d8%af%d9%88%d9%88-%da%a9%d8%b1%d9%87-%d8%a7%db%8c/",
      "image": "https://defrost.ir/shop/wp-content/uploads/2018/01/82-600x600.jpg",
      "description": {
        "fa": "",
        "en": "",
        "ar": "",
        "ur": ""
      }
    },
    {
      "name": {
        "fa": "فن دوو کره ای",
        "en": "Dowu Motor",
        "ar": "فن دوو کره ای",
        "ur": "فن دوو کره ای"
      },
      "url": "https://defrost.ir/shop/product/%d9%81%d9%86-%d8%af%d9%88%d9%88-%da%a9%d8%b1%d9%87-%d8%a7%db%8c/",
      "image": "https://defrost.ir/shop/wp-content/uploads/2018/01/82-600x600.jpg",
      "description": {
        "fa": "",
        "en": "",
        "ar": "",
        "ur": ""
      }
    },
    {
      "name": {
        "fa": "فن رکسنورد",
        "en": "Raksnorod",
        "ar": "فن رکسنورد",
        "ur": "فن رکسنورد"
      },
      "url": "https://defrost.ir/shop/product/%d9%81%d9%86-%d8%b1%da%a9%d8%b3%d9%86%d9%88%d8%b1%d8%af/",
      "image": "https://defrost.ir/shop/wp-content/uploads/2020/10/فن-5-600x600.jpg",
      "description": {
        "fa": "",
        "en": "",
        "ar": "",
        "ur": ""
      }
    },
    {
      "name": {
        "fa": "فن رکسنورد",
        "en": "Raksnorod",
        "ar": "فن رکسنورد",
        "ur": "فن رکسنورد"
      },
      "url": "https://defrost.ir/shop/product/%d9%81%d9%86-%d8%b1%da%a9%d8%b3%d9%86%d9%88%d8%b1%d8%af/",
      "image": "https://defrost.ir/shop/wp-content/uploads/2020/10/فن-5-600x600.jpg",
      "description": {
        "fa": "",
        "en": "",
        "ar": "",
        "ur": ""
      }
    },
    {
      "name": {
        "fa": "فن سامسونگ DC 12V",
        "en": "Samsung DC 12V",
        "ar": "فن سامسونگ DC 12V",
        "ur": "فن سامسونگ DC 12V"
      },
      "url": "https://defrost.ir/shop/product/%d9%81%d9%86-%d8%b3%d8%a7%d9%85%d8%b3%d9%88%d9%86%da%af-dc-12v/",
      "image": "https://defrost.ir/shop/wp-content/uploads/2018/01/83-600x600.jpg",
      "description": {
        "fa": "",
        "en": "",
        "ar": "",
        "ur": ""
      }
    },
    {
      "name": {
        "fa": "فن سامسونگ DC 12V",
        "en": "Samsung DC 12V",
        "ar": "فن سامسونگ DC 12V",
        "ur": "فن سامسونگ DC 12V"
      },
      "url": "https://defrost.ir/shop/product/%d9%81%d9%86-%d8%b3%d8%a7%d9%85%d8%b3%d9%88%d9%86%da%af-dc-12v/",
      "image": "https://defrost.ir/shop/wp-content/uploads/2018/01/83-600x600.jpg",
      "description": {
        "fa": "",
        "en": "",
        "ar": "",
        "ur": ""
      }
    },
    {
      "name": {
        "fa": "فن سامسونگی سوکت قرمز کره ای",
        "en": "Samsung Socket Red",
        "ar": "فن سامسونگی سوکت قرمز کره ای",
        "ur": "فن سامسونگی سوکت قرمز کره ای"
      },
      "url": "https://defrost.ir/shop/product/%d9%81%d9%86-%d8%b3%d8%a7%d9%85%d8%b3%d9%88%d9%86%da%af%db%8c-%d8%b3%d9%88%da%a9%d8%aa-%d9%82%d8%b1%d9%85%d8%b2/",
      "image": "https://defrost.ir/shop/wp-content/uploads/2018/01/65-600x600.jpg",
      "description": {
        "fa": "",
        "en": "",
        "ar": "",
        "ur": ""
      }
    },
    {
      "name": {
        "fa": "فن سامسونگی سوکت قرمز کره ای",
        "en": "Samsung Socket Red",
        "ar": "فن سامسونگی سوکت قرمز کره ای",
        "ur": "فن سامسونگی سوکت قرمز کره ای"
      },
      "url": "https://defrost.ir/shop/product/%d9%81%d9%86-%d8%b3%d8%a7%d9%85%d8%b3%d9%88%d9%86%da%af%db%8c-%d8%b3%d9%88%da%a9%d8%aa-%d9%82%d8%b1%d9%85%d8%b2/",
      "image": "https://defrost.ir/shop/wp-content/uploads/2018/01/65-600x600.jpg",
      "description": {
        "fa": "",
        "en": "",
        "ar": "",
        "ur": ""
      }
    },
    {
      "name": {
        "fa": "فن سیم بلند",
        "en": "Long Wire",
        "ar": "فن سیم بلند",
        "ur": "فن سیم بلند"
      },
      "url": "https://defrost.ir/shop/product/%d9%81%d9%86-%d8%b3%db%8c%d9%85-%d8%a8%d9%84%d9%86%d8%af/",
      "image": "https://defrost.ir/shop/wp-content/uploads/2018/01/100-600x600.jpg",
      "description": {
        "fa": "",
        "en": "",
        "ar": "",
        "ur": ""
      }
    },
    {
      "name": {
        "fa": "فن سیم بلند",
        "en": "Long Wire",
        "ar": "فن سیم بلند",
        "ur": "فن سیم بلند"
      },
      "url": "https://defrost.ir/shop/product/%d9%81%d9%86-%d8%b3%db%8c%d9%85-%d8%a8%d9%84%d9%86%d8%af/",
      "image": "https://defrost.ir/shop/wp-content/uploads/2018/01/100-600x600.jpg",
      "description": {
        "fa": "",
        "en": "",
        "ar": "",
        "ur": ""
      }
    },
    {
      "name": {
        "fa": "فن شفت بلند بکو، آرچلیک، بوش و…",
        "en": "Long Shaft Fan for Beko, Arcelik, Bosch, etc.",
        "ar": "مروحة عمود طويل لبكو، أرتشيليك، بوش وغيرها",
        "ru": "Вентилятор с длинным валом для Beko, Arcelik, Bosch и др.",
        "ur": "لمبے شافٹ والا فین برائے بیکو، آرچلیک، بوش وغیرہ",
        "kk": "Ұзын білікті желдеткіш Beko, Arcelik, Bosch және т.б. үшін",
        "ku": "فەنی شافت درێژ بۆ Beko, Arcelik, Bosch و هتد.",
        "hy": "Երկար լիսեռով օդափոխիչ Beko, Arcelik, Bosch և այլն"
      },
      "url": "https://defrost.ir/shop/product/%d9%81%d9%86-%d8%b4%d9%81%d8%aa-%d8%a8%d9%84%d9%86%d8%af-%d8%a8%da%a9%d9%88%d8%8c-%d8%a2%d8%b1%da%86%d9%84%db%8c%da%a9%d8%8c-%d8%a8%d9%88%d8%b4-%d9%88/",
      "image": "https://defrost.ir/shop/wp-content/uploads/2020/10/فن-7-600x600.jpg",
      "description": {
        "fa": "فن یخچال با شفت بلند، مناسب برای یخچال‌های بکو، آرچلیک، بوش و مدل‌های مشابه.",
        "en": "Refrigerator fan with long shaft, suitable for Beko, Arcelik, Bosch and similar models.",
        "ar": "مروحة ثلاجة بعمود طويل، مناسبة لبكو، أرتشيليك، بوش والنماذج المشابهة.",
        "ru": "Вентилятор для холодильника с длинным валом, подходит для Beko, Arcelik, Bosch и аналогичных моделей.",
        "ur": "ریفریجریٹر فین لمبے شافٹ کے ساتھ، بیکو، آرچلیک، بوش اور ملتے جلتے ماڈلز کے لیے موزوں۔",
        "kk": "Ұзын білікті тоңазытқыш желдеткіші, Beko, Arcelik, Bosch және ұқсас үлгілерге жарамды.",
        "ku": "فەنی یخچال بە شافت درێژ، گونجاو بۆ Beko, Arcelik, Bosch و جۆرە هاوشێوەکان.",
        "hy": "Սառնարանի օդափոխիչ երկար լիսեռով, հարմար է Beko, Arcelik, Bosch և նմանատիպ մոդելների համար։"
      }
    },
    {
      "name": {
        "fa": "فن مشکی طرح کره",
        "en": "Black Plastic Fan (Korean Style)",
        "ar": "مروحة بلاستيكية سوداء (نمط كوري)",
        "ru": "Черный пластиковый вентилятор (корейский стиль)",
        "ur": "بلیک پلاسٹک فین (کورین اسٹائل)",
        "kk": "Қара пластик желдеткіш (Корея стилі)",
        "ku": "فەنی پلاستیکی ڕەش (شێوازی کۆری)",
        "hy": "Սեւ պլաստիկ օդափոխիչ (կորեական ոճ)",
        "tr": "Siyah Plastik Fan (Kore Stili)"
      },
      "url": "https://defrost.ir/shop/product/%d9%81%d9%86-%d9%85%d8%b4%da%a9%db%8c-%d8%b7%d8%b1%d8%ad-%da%a9%d8%b1%d9%87/",
      "image": "https://defrost.ir/shop/wp-content/uploads/2018/01/63-600x600.jpg",
      "description": {
        "fa": "فن یخچال مشکی طرح کره، ساخته شده از پلاستیک مقاوم و مناسب برای انواع یخچال‌ها.",
        "en": "Black plastic refrigerator fan, Korean style, made of durable plastic, suitable for all types of refrigerators.",
        "ar": "مروحة ثلاجة بلاستيكية سوداء بنمط كوري، مصنوعة من بلاستيك متين ومناسبة لجميع أنواع الثلاجات.",
        "ru": "Черный пластиковый вентилятор для холодильника, корейский стиль, изготовлен из прочного пластика, подходит для всех типов холодильников.",
        "ur": "بلیک پلاسٹک ریفریجریٹر فین، کورین اسٹائل، مضبوط پلاسٹک سے تیار کردہ، تمام اقسام کے ریفریجریٹرز کے لیے موزوں۔",
        "kk": "Қара пластик тоңазытқыш желдеткіші, Корея стилі, берік пластиктен жасалған, барлық тоңазытқыш түрлеріне жарамды.",
        "ku": "فەنی یخچال پلاستیکی ڕەش، شێوازی کۆری، دروستکراوە لە پلاستیکی بەهێز، گونجاو بۆ هەموو جۆری یخچال.",
        "hy": "Սեւ պլաստիկ սառնարանի օդափոխիչ, կորեական ոճ, պատրաստված է ամուր պլաստիկից, հարմար է բոլոր տեսակի սառնարանների համար։",
        "tr": "Siyah Plastik Fan (Kore Stili), Kore klima cihazları için uygundur."
      }
    },
    {
      "name": {
        "fa": "فن مشکی طرح کره",
        "en": "Black Plastic Fan (Korean Style)",
        "ar": "مروحة بلاستيكية سوداء (نمط كوري)",
        "ru": "Черный пластиковый вентилятор (корейский стиль)",
        "ur": "بلیک پلاسٹک فین (کورین اسٹائل)",
        "kk": "Қара пластик желдеткіш (Корея стилі)",
        "ku": "فەنی پلاستیکی ڕەش (شێوازی کۆری)",
        "hy": "Սեւ պլաստիկ օդափոխիչ (կորեական ոճ)",
        "tr": "Siyah Plastik Fan (Kore Stili)"
      },
      "url": "https://defrost.ir/shop/product/%d9%81%d9%86-%d9%85%d8%b4%da%a9%db%8c-%d8%b7%d8%b1%d8%ad-%da%a9%d8%b1%d9%87/",
      "image": "https://defrost.ir/shop/wp-content/uploads/2018/01/63-600x600.jpg",
      "description": {
        "fa": "فن یخچال مشکی طرح کره، ساخته شده از پلاستیک مقاوم و مناسب برای انواع یخچال‌ها.",
        "en": "Black plastic refrigerator fan, Korean style, made of durable plastic, suitable for all types of refrigerators.",
        "ar": "مروحة ثلاجة بلاستيكية سوداء بنمط كوري، مصنوعة من بلاستيك متين ومناسبة لجميع أنواع الثلاجات.",
        "ru": "Черный пластиковый вентилятор для холодильника, корейский стиль, изготовлен из прочного пластика, подходит для всех типов холодильников.",
        "ur": "بلیک پلاسٹک ریفریجریٹر فین، کورین اسٹائل، مضبوط پلاسٹک سے تیار کردہ، تمام اقسام کے ریفریجریٹرز کے لیے موزوں۔",
        "kk": "Қара пластик тоңазытқыш желдеткіші, Корея стилі, берік пластиктен жасалған, барлық тоңазытқыш түрлеріне жарамды.",
        "ku": "فەنی یخچال پلاستیکی ڕەش، شێوازی کۆری، دروستکراوە لە پلاستیکی بەهێز، گونجاو بۆ هەموو جۆری یخچال.",
        "hy": "Սեւ պլաստիկ սառնարանի օդափոխիչ, կորեական ոճ, պատրաստված է ամուր պլաստիկից, հարմար է բոլոր տեսակի սառնարանների համար։",
        "tr": "Siyah Plastik Fan (Kore Stili), Kore klima cihazları için uygundur."
      }
    },
    {
      "name": {
        "fa": "فن هسته باریک الکترواستیل",
        "en": "Thin Core Electrostil Fan",
        "ar": "مروحة نواة رفيعة الكتروستیل",
        "ru": "Вентилятор с тонким сердечником Electrostil",
        "ur": "پتلا کور الیکٹروسٹیل فین",
        "kk": "Electrostil жұқа өзекті желдеткіш",
        "ku": "فەنی هەستەی باریک Electrostil",
        "hy": "Electrostil բարակ միջուկով օդափոխիչ",
        "tr": "İnce Çekirdekli Electrostil Fan"
      },
      "url": "https://defrost.ir/shop/product/%d9%81%d9%86-%d9%87%d8%b3%d8%aa%d9%87-%d8%a8%d8%a7%d8%b1%db%8c%da%a9-%d8%a7%d9%84%da%a9%d8%aa%d8%b1%d9%88%d8%a7%d8%b3%d8%aa%db%8c%d9%84/",
      "image": "https://defrost.ir/shop/wp-content/uploads/2020/10/فن-3-600x600.jpg",
      "description": {
        "fa": "فن یخچال با هسته باریک مخصوص الکترواستیل، مناسب برای یخچال‌های الکترواستیل.",
        "en": "Refrigerator fan with thin core, Electrostil type, suitable for Electrostil refrigerators.",
        "ar": "مروحة ثلاجة بنواة رفيعة من نوع الكتروستیل، مناسبة لثلاجات الكتروستیل.",
        "ru": "Вентилятор для холодильника с тонким сердечником, тип Electrostil, подходит для холодильников Electrostil.",
        "ur": "ریفریجریٹر فین پتلا کور، الیکٹروسٹیل قسم، الیکٹروسٹیل ریفریجریٹرز کے لیے موزوں۔",
        "kk": "Жұқа өзекті тоңазытқыш желдеткіші, Electrostil түрі, Electrostil тоңазытқыштарына жарамды.",
        "ku": "فەنی یخچال بە هەستەی باریک جۆری Electrostil، گونجاو بۆ یخچالەکانی Electrostil.",
        "hy": "Սառնարանի օդափոխիչ բարակ միջուկով, Electrostil տեսակի, հարմար է Electrostil սառնարանների համար։",
        "tr": "İnce Çekirdekli Electrostil Fan, Electrostil klima cihazları için uygundur."
      }
    },
    {
      "name": {
        "fa": "فن هسته باریک",
        "en": "Thin Core Fan",
        "ar": "مروحة نواة رفيعة",
        "ru": "Вентилятор с тонким сердечником",
        "ur": "پتلا کور فین",
        "kk": "Жұқа өзекті желдеткіш",
        "ku": "فەنی هەستەی باریک",
        "hy": "Բարակ միջուկով օդափոխիչ",
        "tr": "İnce Çekirdekli Fan"
      },
      "url": "https://defrost.ir/shop/product/%d9%81%d9%86-%d9%87%d8%b3%d8%aa%d9%87-%d8%a8%d8%a7%d8%b1%db%8c%da%a9/",
      "image": "https://defrost.ir/shop/wp-content/uploads/2018/01/75-600x600.jpg",
      "description": {
        "fa": "فن یخچال با هسته باریک، مناسب برای یخچال‌های مختلف.",
        "en": "Refrigerator fan with thin core, suitable for various refrigerators.",
        "ar": "مروحة ثلاجة بنواة رفيعة، مناسبة لأنواع مختلفة من الثلاجات.",
        "ru": "Вентилятор для холодильника с тонким сердечником, подходит для различных холодильников.",
        "ur": "ریفریجریٹر فین پتلے کور کے ساتھ، مختلف ریفریجریٹرز کے لیے موزوں۔",
        "kk": "Жұқа өзекті тоңазытқыш желдеткіші, әртүрлі тоңазытқыштарға жарамды.",
        "ku": "فەنی یخچال بە هەستەی باریک، گونجاو بۆ جۆری جیاواز یخچال.",
        "hy": "Սառնարանի օդափոխիչ բարակ միջուկով, հարմար է տարբեր տեսակի սառնարանների համար։",
        "tr": "İnce Çekirdekli Fan, çeşitli klima cihazları için uygundur."
      }
    },
    {
      "name": {
        "fa": "فن هسته باریک",
        "en": "Thin Core Fan",
        "ar": "مروحة نواة رفيعة",
        "ru": "Вентилятор с тонким сердечником",
        "ur": "پتلا کور فین",
        "kk": "Жұқа өзекті желдеткіш",
        "ku": "فەنی هەستەی باریک",
        "hy": "Բարակ միջուկով օդափոխիչ",
        "tr": "İnce Çekirdekli Fan"
      },
      "url": "https://defrost.ir/shop/product/%d9%81%d9%86-%d9%87%d8%b3%d8%aa%d9%87-%d8%a8%d8%a7%d8%b1%db%8c%da%a9/",
      "image": "https://defrost.ir/shop/wp-content/uploads/2018/01/75-600x600.jpg",
      "description": {
        "fa": "فن یخچال با هسته باریک، مناسب برای یخچال‌های مختلف.",
        "en": "Refrigerator fan with thin core, suitable for various refrigerators.",
        "ar": "مروحة ثلاجة بنواة رفيعة، مناسبة لأنواع مختلفة من الثلاجات.",
        "ru": "Вентилятор для холодильника с тонким сердечником, подходит для различных холодильников.",
        "ur": "ریفریجریٹر فین پتلے کور کے ساتھ، مختلف ریفریجریٹرز کے لیے موزوں۔",
        "kk": "Жұқа өзекті тоңазытқыш желдеткіші, әртүрлі тоңазытқыштарға жарамды.",
        "ku": "فەنی یخچال بە هەستەی باریک، گونجاو بۆ جۆری جیاواز یخچال.",
        "hy": "Սառնարանի օդափոխիչ բարակ միջուկով, հարմար է տարբեր տեսակի սառնարանների համար։",
        "tr": "İnce Çekirdekli Fan, çeşitli klima cihazları için uygundur."
      }
    },
    {
      "name": {
        "fa": "فن هسته باریک الکترواستیل",
        "en": "Thin Core Aluminum",
        "ar": "فن هسته باریک الکترواستیل",
        "ur": "فن هسته باریک الکترواستیل"
      },
      "url": "https://defrost.ir/shop/product/%d9%81%d9%86-%d9%87%d8%b3%d8%aa%d9%87-%d8%a8%d8%a7%d8%b1%db%8c%da%a9-%d8%a7%d9%84%da%a9%d8%aa%d8%b1%d9%88%d8%a7%d8%b3%d8%aa%db%8c%d9%84/",
      "image": "https://defrost.ir/shop/wp-content/uploads/2020/10/فن-3-600x600.jpg",
      "description": {
        "fa": "",
        "en": "",
        "ar": "",
        "ur": ""
      }
    },
    {
      "name": {
        "fa": "فن هسته باریک الکترواستیل",
        "en": "Thin Core Aluminum",
        "ar": "فن هسته باریک الکترواستیل",
        "ur": "فن هسته باریک الکترواستیل"
      },
      "url": "https://defrost.ir/shop/product/%d9%81%d9%86-%d9%87%d8%b3%d8%aa%d9%87-%d8%a8%d8%a7%d8%b1%db%8c%da%a9-%d8%a7%d9%84%da%a9%d8%aa%d8%b1%d9%88%d8%a7%d8%b3%d8%aa%db%8c%d9%84/",
      "image": "https://defrost.ir/shop/wp-content/uploads/2020/10/فن-3-600x600.jpg",
      "description": {
        "fa": "",
        "en": "",
        "ar": "",
        "ur": ""
      }
    },
    {
      "name": {
        "fa": "فن هسته باریک کامتک",
        "en": "Thin Core",
        "ar": "فن هسته باریک کامتک",
        "ur": "فن هسته باریک کامتک"
      },
      "url": "https://defrost.ir/shop/product/%d9%81%d9%86-%d9%87%d8%b3%d8%aa%d9%87-%d8%a8%d8%a7%d8%b1%db%8c%da%a9-%da%a9%d8%a7%d9%85%d8%aa%da%a9/",
      "image": "https://defrost.ir/shop/wp-content/uploads/2018/01/73-600x600.jpg",
      "description": {
        "fa": "",
        "en": "",
        "ar": "",
        "ur": ""
      }
    },
    {
      "name": {
        "fa": "فن هسته باریک کامتک",
        "en": "Thin Core",
        "ar": "فن هسته باریک کامتک",
        "ur": "فن هسته باریک کامتک"
      },
      "url": "https://defrost.ir/shop/product/%d9%81%d9%86-%d9%87%d8%b3%d8%aa%d9%87-%d8%a8%d8%a7%d8%b1%db%8c%da%a9-%da%a9%d8%a7%d9%85%d8%aa%da%a9/",
      "image": "https://defrost.ir/shop/wp-content/uploads/2018/01/73-600x600.jpg",
      "description": {
        "fa": "",
        "en": "",
        "ar": "",
        "ur": ""
      }
    },
    {
      "name": {
        "fa": "فن هسته ضخیم",
        "en": "Thick Core",
        "ar": "فن هسته ضخیم",
        "ur": "فن هسته ضخیم"
      },
      "url": "https://defrost.ir/shop/product/%d9%81%d9%86-%d9%87%d8%b3%d8%aa%d9%87-%d8%b6%d8%ae%db%8c%d9%85/",
      "image": "https://defrost.ir/shop/wp-content/uploads/2020/10/فن-6-600x600.jpg",
      "description": {
        "fa": "",
        "en": "",
        "ar": "",
        "ur": ""
      }
    },
    {
      "name": {
        "fa": "فن هسته ضخیم",
        "en": "Thick Core",
        "ar": "فن هسته ضخیم",
        "ur": "فن هسته ضخیم"
      },
      "url": "https://defrost.ir/shop/product/%d9%81%d9%86-%d9%87%d8%b3%d8%aa%d9%87-%d8%b6%d8%ae%db%8c%d9%85/",
      "image": "https://defrost.ir/shop/wp-content/uploads/2020/10/فن-6-600x600.jpg",
      "description": {
        "fa": "",
        "en": "",
        "ar": "",
        "ur": ""
      }
    },
    {
      "name": {
        "fa": "فن پاور قرمز طرح شانگ های",
        "en": "Power Red Fan (Shanghai Style)",
        "ar": "مروحة باور حمراء (نمط شنغهاي)",
        "ru": "Красный вентилятор Power (стиль Шанхай)",
        "ur": "پاور ریڈ فین (شنگھائی اسٹائل)",
        "kk": "Power қызыл желдеткіш (Шанхай стилі)",
        "ku": "فەنی پاور سوور (شێوازی شانگهای)",
        "hy": "Power կարմիր օդափոխիչ (Շանհայի ոճ)",
        "tr": "Kırmızı Güçlü Fan (Şanxi Stili)"
      },
      "url": "https://defrost.ir/shop/product/%d9%81%d9%86-%d9%be%d8%a7%d9%88%d8%b1-%d9%82%d8%b1%d9%85%d8%b2-%d8%b7%d8%b1%d8%ad-%d8%b4%d8%a7%d9%86%da%af-%d9%87%d8%a7%db%8c/",
      "image": "https://defrost.ir/shop/wp-content/uploads/2018/01/62-600x600.jpg",
      "description": {
        "fa": "فن یخچال پاور قرمز طرح شانگ های، مناسب برای یخچال‌های مختلف.",
        "en": "Power red refrigerator fan, Shanghai style, suitable for various refrigerators.",
        "ar": "مروحة ثلاجة باور حمراء بنمط شنغهاي، مناسبة لأنواع مختلفة من الثلاجات.",
        "ru": "Красный вентилятор Power для холодильника, стиль Шанхай, подходит для различных холодильников.",
        "ur": "پاور ریڈ ریفریجریٹر فین، شنگھائی اسٹائل، مختلف ریفریجریٹرز کے لیے موزوں۔",
        "kk": "Power қызыл тоңазытқыш желдеткіші, Шанхай стилі, әртүрлі тоңазытқыштарға жарамды.",
        "ku": "فەنی یخچال پاور سوور، شێوازی شانگهای، گونجاو بۆ جۆری جیاواز یخچال.",
        "hy": "Power կարմիր սառնարանի օդափոխիչ, Շանհայի ոճ, հարմար է տարբեր տեսակի սառնարանների համար։",
        "tr": "Kırmızı Güçlü Fan (Şanxi Stili), çeşitli klima cihazları için uygundur."
      }
    },
    {
      "name": {
        "fa": "فن پاور قرمز طرح شانگ های",
        "en": "Power Red Fan (Shanghai Style)",
        "ar": "مروحة باور حمراء (نمط شنغهاي)",
        "ru": "Красный вентилятор Power (стиль Шанхай)",
        "ur": "پاور ریڈ فین (شنگھائی اسٹائل)",
        "kk": "Power қызыл желдеткіш (Шанхай стилі)",
        "ku": "فەنی پاور سوور (شێوازی شانگهای)",
        "hy": "Power կարմիր օդափոխիչ (Շանհայի ոճ)",
        "tr": "Kırmızı Güçlü Fan (Şanxi Stili)"
      },
      "url": "https://defrost.ir/shop/product/%d9%81%d9%86-%d9%be%d8%a7%d9%88%d8%b1-%d9%82%d8%b1%d9%85%d8%b2-%d8%b7%d8%b1%d8%ad-%d8%b4%d8%a7%d9%86%da%af-%d9%87%d8%a7%db%8c/",
      "image": "https://defrost.ir/shop/wp-content/uploads/2018/01/62-600x600.jpg",
      "description": {
        "fa": "فن یخچال پاور قرمز طرح شانگ های، مناسب برای یخچال‌های مختلف.",
        "en": "Power red refrigerator fan, Shanghai style, suitable for various refrigerators.",
        "ar": "مروحة ثلاجة باور حمراء بنمط شنغهاي، مناسبة لأنواع مختلفة من الثلاجات.",
        "ru": "Красный вентилятор Power для холодильника, стиль Шанхай, подходит для различных холодильников.",
        "ur": "پاور ریڈ ریفریجریٹر فین، شنگھائی اسٹائل، مختلف ریفریجریٹرز کے لیے موزوں۔",
        "kk": "Power қызыл тоңазытқыш желдеткіші, Шанхай стилі, әртүрлі тоңазытқыштарға жарамды.",
        "ku": "فەنی یخچال پاور سوور، شێوازی شانگهای، گونجاو بۆ جۆری جیاواز یخچال.",
        "hy": "Power կարմիր սառնարանի օդափոխիչ, Շանհայի ոճ, հարմար է տարբեր տեսակի սառնարանների համար։",
        "tr": "Kırmızı Güçlü Fan (Şanxi Stili), çeşitli klima cihazları için uygundur."
      }
    }
  ]
}