{
  "category_name": {
    "fa": "سنسور",
    "en": "Sensor",
    "ar": "مستشعر",
    "ru": "Датчик",
    "ur": "سینسر",
    "kk": "Датчик",
    "ku": "سنسور",
    "hy": "Սենսոր",
    "tr": "Sensör"
  },
  "category_url": "https://defrost.ir/shop/product-category/spare-parts-for-refrigerators/sensor/",
  "products": [
    {
      "name": {
        "fa": "سنسور 1کیلو اهم 1درصد",
        "en": "Sensor 1k Ohm 1%",
        "ar": "سنسور 1كيلو اهم 1درصد",
        "ru": "Датчик 1k Ом 1%",
        "ur": "سنسور 1کیلو اهم 1درصد",
        "kk": "Sensor 1k Ohm 1%",
        "ku": "سنسور 1کیلو اهم 1درصد",
        "hy": "Sensor 1k Ohm 1%",
        "tr": "Sensör 1k Ohm 1%"
      },
      "url": "https://defrost.ir/shop/product/%d8%b3%d9%86%d8%b3%d9%88%d8%b1-1%da%a9%db%8c%d9%84%d9%88-1%d8%af%d8%b1%d8%b5%d8%af/",
      "image": "https://defrost.ir/shop/wp-content/uploads/2020/09/سنسور-1-600x600.jpg",
      "description": {
        "fa": "",
        "en": "",
        "ar": "",
        "ru": "",
        "ur": "",
        "kk": "",
        "ku": "",
        "hy": "",
        "tr": ""
      }
    },
    {
      "name": {
        "fa": "سنسور 1کیلو اهم 1درصد",
        "en": "Sensor 1k Ohm 1%",
        "ar": "سنسور 1كيلو اهم 1درصد",
        "ru": "Датчик 1k Ом 1%",
        "ur": "سنسور 1کیلو اهم 1درصد",
        "kk": "Sensor 1k Ohm 1%",
        "ku": "سنسور 1کیلو اهم 1درصد",
        "hy": "Sensor 1k Ohm 1%",
        "tr": "Sensör 1k Ohm 1%"
      },
      "url": "https://defrost.ir/shop/product/%d8%b3%d9%86%d8%b3%d9%88%d8%b1-1%da%a9%db%8c%d9%84%d9%88-1%d8%af%d8%b1%d8%b5%d8%af/",
      "image": "https://defrost.ir/shop/wp-content/uploads/2020/09/سنسور-1-600x600.jpg",
      "description": {
        "fa": "",
        "en": "",
        "ar": "",
        "ru": "",
        "ur": "",
        "kk": "",
        "ku": "",
        "hy": "",
        "tr": ""
      }
    },
    {
      "name": {
        "fa": "سنسور 1کیلو اهم 5 درصد",
        "en": "Sensor 1k Ohm 5%",
        "ar": "سنسور 1كيلو اهم 5 درصد",
        "ru": "Датчик 1k Ом 5%",
        "ur": "سنسور 1کیلو اهم 5 درصد",
        "kk": "Sensor 1k Ohm 5%",
        "ku": "سنسور 1کیلو اهم 5 درصد",
        "hy": "Sensor 1k Ohm 5%",
        "tr": "Sensör 1k Ohm 5%"
      },
      "url": "https://defrost.ir/shop/product/%d8%b3%d9%86%d8%b3%d9%88%d8%b1-1%da%a9%db%8c%d9%84%d9%88-5%d8%af%d8%b1%d8%b5%d8%af/",
      "image": "https://defrost.ir/shop/wp-content/uploads/2020/09/سنسور-5-600x600.jpg",
      "description": {
        "fa": "",
        "en": "",
        "ar": "",
        "ru": "",
        "ur": "",
        "kk": "",
        "ku": "",
        "hy": "",
        "tr": ""
      }
    },
    {
      "name": {
        "fa": "سنسور 1کیلو اهم 5 درصد",
        "en": "Sensor 1k Ohm 5%",
        "ar": "سنسور 1كيلو اهم 5 درصد",
        "ru": "Датчик 1k Ом 5%",
        "ur": "سنسور 1کیلو اهم 5 درصد",
        "kk": "Sensor 1k Ohm 5%",
        "ku": "سنسور 1کیلو اهم 5 درصد",
        "hy": "Sensor 1k Ohm 5%",
        "tr": "Sensör 1k Ohm 5%"
      },
      "url": "https://defrost.ir/shop/product/%d8%b3%d9%86%d8%b3%d9%88%d8%b1-1%da%a9%db%8c%d9%84%d9%88-5%d8%af%d8%b1%d8%b5%d8%af/",
      "image": "https://defrost.ir/shop/wp-content/uploads/2020/09/سنسور-5-600x600.jpg",
      "description": {
        "fa": "",
        "en": "",
        "ar": "",
        "ru": "",
        "ur": "",
        "kk": "",
        "ku": "",
        "hy": "",
        "tr": ""
      }
    },
    {
      "name": {
        "fa": "سنسور 2 کیلو اهم دوو",
        "en": "2k Ohm Sensor",
        "ar": "سنسور 2 کيلو اهم دوو",
        "ru": "Датчик 2k Ом",
        "ur": "سنسور 2 کیلو اهم دوو",
        "kk": "2k Ohm Sensor",
        "ku": "سنسور 2 کیلو اهم دوو",
        "hy": "2k Ohm Sensor",
        "tr": "2k Ohm Sensör"
      },
      "url": "https://defrost.ir/shop/product/%d8%b3%d9%86%d8%b3%d9%88%d8%b1-2k-%d8%af%d9%88%d9%88/",
      "image": "https://defrost.ir/shop/wp-content/uploads/2020/09/سنسور-دوو2-600x600.jpg",
      "description": {
        "fa": "",
        "en": "",
        "ar": "",
        "ru": "",
        "ur": "",
        "kk": "",
        "ku": "",
        "hy": "",
        "tr": ""
      }
    },
    {
      "name": {
        "fa": "سنسور 2 کیلو اهم دوو",
        "en": "2k Ohm Sensor",
        "ar": "سنسور 2 کيلو اهم دوو",
        "ru": "Датчик 2k Ом",
        "ur": "سنسور 2 کیلو اهم دوو",
        "kk": "2k Ohm Sensor",
        "ku": "سنسور 2 کیلو اهم دوو",
        "hy": "2k Ohm Sensor",
        "tr": "2k Ohm Sensör"
      },
      "url": "https://defrost.ir/shop/product/%d8%b3%d9%86%d8%b3%d9%88%d8%b1-2k-%d8%af%d9%88%d9%88/",
      "image": "https://defrost.ir/shop/wp-content/uploads/2020/09/سنسور-دوو2-600x600.jpg",
      "description": {
        "fa": "",
        "en": "",
        "ar": "",
        "ru": "",
        "ur": "",
        "kk": "",
        "ku": "",
        "hy": "",
        "tr": ""
      }
    },
    {
      "name": {
        "fa": "سنسور ارج 5 کیلو اهم",
        "en": "5k Ohm Sensor",
        "ar": "سنسور ارج 5 کيلو اهم",
        "ru": "Датчик 5k Ом",
        "ur": "سنسور ارج 5 کیلو اهم",
        "kk": "5k Ohm Sensor",
        "ku": "سنسور ارج 5 کیلو اهم",
        "hy": "5k Ohm Sensor",
        "tr": "5k Ohm Sensör"
      },
      "url": "https://defrost.ir/shop/product/%d8%b3%d9%86%d8%b3%d9%88%d8%b1-%d8%a7%d8%b1%d8%ac-5-%da%a9%db%8c%d9%84%d9%88-%d8%a7%d9%87%d9%85/",
      "image": "https://defrost.ir/shop/wp-content/uploads/2020/09/ارج-5-کیلواهم-600x600.jpg",
      "description": {
        "fa": "",
        "en": "",
        "ar": "",
        "ru": "",
        "ur": "",
        "kk": "",
        "ku": "",
        "hy": "",
        "tr": ""
      }
    },
    {
      "name": {
        "fa": "سنسور ارج 5 کیلو اهم",
        "en": "5k Ohm Sensor",
        "ar": "سنسور ارج 5 کيلو اهم",
        "ru": "Датчик 5k Ом",
        "ur": "سنسور ارج 5 کیلو اهم",
        "kk": "5k Ohm Sensor",
        "ku": "سنسور ارج 5 کیلو اهم",
        "hy": "5k Ohm Sensor",
        "tr": "5k Ohm Sensör"
      },
      "url": "https://defrost.ir/shop/product/%d8%b3%d9%86%d8%b3%d9%88%d8%b1-%d8%a7%d8%b1%d8%ac-5-%da%a9%db%8c%d9%84%d9%88-%d8%a7%d9%87%d9%85/",
      "image": "https://defrost.ir/shop/wp-content/uploads/2020/09/ارج-5-کیلواهم-600x600.jpg",
      "description": {
        "fa": "",
        "en": "",
        "ar": "",
        "ru": "",
        "ur": "",
        "kk": "",
        "ku": "",
        "hy": "",
        "tr": ""
      }
    },
    {
      "name": {
        "fa": "سنسور ارج 50 کیلو اهم",
        "en": "50k Ohm Sensor",
        "ar": "سنسور ارج 50 کيلو اهم",
        "ru": "Датчик 50k Ом",
        "ur": "سنسور ارج 50 کیلو اهم",
        "kk": "50k Ohm Sensor",
        "ku": "سنسور ارج 50 کیلو اهم",
        "hy": "50k Ohm Sensor",
        "tr": "50k Ohm Sensör"
      },
      "url": "https://defrost.ir/shop/product/%d8%b3%d9%86%d8%b3%d9%88%d8%b1-%d8%a7%d8%b1%d8%ac-50-%da%a9%db%8c%d9%84%d9%88%d8%a7%d9%87%d9%85/",
      "image": "https://defrost.ir/shop/wp-content/uploads/2020/09/سنسور-ارج-50-600x600.jpg",
      "description": {
        "fa": "",
        "en": "",
        "ar": "",
        "ru": "",
        "ur": "",
        "kk": "",
        "ku": "",
        "hy": "",
        "tr": ""
      }
    },
    {
      "name": {
        "fa": "سنسور ارج 50 کیلو اهم",
        "en": "50k Ohm Sensor",
        "ar": "سنسور ارج 50 کيلو اهم",
        "ru": "Датчик 50k Ом",
        "ur": "سنسور ارج 50 کیلو اهم",
        "kk": "50k Ohm Sensor",
        "ku": "سنسور ارج 50 کیلو اهم",
        "hy": "50k Ohm Sensor",
        "tr": "50k Ohm Sensör"
      },
      "url": "https://defrost.ir/shop/product/%d8%b3%d9%86%d8%b3%d9%88%d8%b1-%d8%a7%d8%b1%d8%ac-50-%da%a9%db%8c%d9%84%d9%88%d8%a7%d9%87%d9%85/",
      "image": "https://defrost.ir/shop/wp-content/uploads/2020/09/سنسور-ارج-50-600x600.jpg",
      "description": {
        "fa": "",
        "en": "",
        "ar": "",
        "ru": "",
        "ur": "",
        "kk": "",
        "ku": "",
        "hy": "",
        "tr": ""
      }
    },
    {
      "name": {
        "fa": "سنسور اسنوا 10 کیلو اهم",
        "en": "10k Ohm Sensor",
        "ar": "سنسور اسنوا 10 کيلو اهم",
        "ru": "Датчик 10k Ом",
        "ur": "سنسور اسنوا 10 کیلو اهم",
        "kk": "10k Ohm Sensor",
        "ku": "سنسور اسنوا 10 کیلو اهم",
        "hy": "10k Ohm Sensor",
        "tr": "10k Ohm Sensör"
      },
      "url": "https://defrost.ir/shop/product/%d8%b3%d9%86%d8%b3%d9%88%d8%b1-%d8%a7%d8%b3%d9%86%d9%88%d8%a7-10-%da%a9%db%8c%d9%84%d9%88-%d8%a7%d9%87%d9%85/",
      "image": "https://defrost.ir/shop/wp-content/uploads/2018/01/66-600x600.jpg",
      "description": {
        "fa": "",
        "en": "",
        "ar": "",
        "ru": "",
        "ur": "",
        "kk": "",
        "ku": "",
        "hy": "",
        "tr": ""
      }
    },
    {
      "name": {
        "fa": "سنسور اسنوا 10 کیلو اهم",
        "en": "10k Ohm Sensor",
        "ar": "سنسور اسنوا 10 کيلو اهم",
        "ru": "Датчик 10k Ом",
        "ur": "سنسور اسنوا 10 کیلو اهم",
        "kk": "10k Ohm Sensor",
        "ku": "سنسور اسنوا 10 کیلو اهم",
        "hy": "10k Ohm Sensor",
        "tr": "10k Ohm Sensör"
      },
      "url": "https://defrost.ir/shop/product/%d8%b3%d9%86%d8%b3%d9%88%d8%b1-%d8%a7%d8%b3%d9%86%d9%88%d8%a7-10-%da%a9%db%8c%d9%84%d9%88-%d8%a7%d9%87%d9%85/",
      "image": "https://defrost.ir/shop/wp-content/uploads/2018/01/66-600x600.jpg",
      "description": {
        "fa": "",
        "en": "",
        "ar": "",
        "ru": "",
        "ur": "",
        "kk": "",
        "ku": "",
        "hy": "",
        "tr": ""
      }
    },
    {
      "name": {
        "fa": "سنسور ال جی 2 کیلو اهم",
        "en": "2k Ohm Sensor",
        "ar": "سنسور ال جی 2 کيلو اهم",
        "ru": "Датчик 2k Ом",
        "ur": "سنسور ال جی 2 کیلو اهم",
        "kk": "2k Ohm Sensor",
        "ku": "سنسور ال جی 2 کیلو اهم",
        "hy": "2k Ohm Sensor",
        "tr": "2k Ohm Sensör"
      },
      "url": "https://defrost.ir/shop/product/%d8%b3%d9%86%d8%b3%d9%88%d8%b1-%d9%87%d8%a7%db%8c%d8%b3%d9%86%d8%b3-%d8%a7%d9%84-%d8%ac%db%8c-2%da%a9%db%8c%d9%84%d9%88-%d8%a7%d9%87%d9%85/",
      "image": "https://defrost.ir/shop/wp-content/uploads/2020/09/سنسور-الجی-2-600x600.jpg",
      "description": {
        "fa": "",
        "en": "",
        "ar": "",
        "ru": "",
        "ur": "",
        "kk": "",
        "ku": "",
        "hy": "",
        "tr": ""
      }
    },
    {
      "name": {
        "fa": "سنسور ال جی 2 کیلو اهم",
        "en": "2k Ohm Sensor",
        "ar": "سنسور ال جی 2 کيلو اهم",
        "ru": "Датчик 2k Ом",
        "ur": "سنسور ال جی 2 کیلو اهم",
        "kk": "2k Ohm Sensor",
        "ku": "سنسور ال جی 2 کیلو اهم",
        "hy": "2k Ohm Sensor",
        "tr": "2k Ohm Sensör"
      },
      "url": "https://defrost.ir/shop/product/%d8%b3%d9%86%d8%b3%d9%88%d8%b1-%d9%87%d8%a7%db%8c%d8%b3%d9%86%d8%b3-%d8%a7%d9%84-%d8%ac%db%8c-2%da%a9%db%8c%d9%84%d9%88-%d8%a7%d9%87%d9%85/",
      "image": "https://defrost.ir/shop/wp-content/uploads/2020/09/سنسور-الجی-2-600x600.jpg",
      "description": {
        "fa": "",
        "en": "",
        "ar": "",
        "ru": "",
        "ur": "",
        "kk": "",
        "ku": "",
        "hy": "",
        "tr": ""
      }
    },
    {
      "name": {
        "fa": "سنسور الکترواستیل 10 کیلو اهم",
        "en": "10k Ohm Sensor",
        "ar": "سنسور الکترواستیل 10 کيلو اهم",
        "ru": "Датчик 10k Ом",
        "ur": "سنسور الکترواستیل 10 کیلو اهم",
        "kk": "10k Ohm Sensor",
        "ku": "سنسور الکترواستیل 10 کیلو اهم",
        "hy": "10k Ohm Sensor",
        "tr": "10k Ohm Sensör"
      },
      "url": "https://defrost.ir/shop/product/%d8%b3%d9%86%d8%b3%d9%88%d8%b1-%d8%a7%d9%84%da%a9%d8%aa%d8%b1%d9%88%d8%a7%d8%b3%d8%aa%db%8c%d9%84-10-%da%a9%db%8c%d9%84%d9%88-%d8%a7%d9%87%d9%85/",
      "image": "https://defrost.ir/shop/wp-content/uploads/2020/09/سنسور-10-الکترواستیل-600x600.jpg",
      "description": {
        "fa": "",
        "en": "",
        "ar": "",
        "ru": "",
        "ur": "",
        "kk": "",
        "ku": "",
        "hy": "",
        "tr": ""
      }
    },
    {
      "name": {
        "fa": "سنسور الکترواستیل 10 کیلو اهم",
        "en": "10k Ohm Sensor",
        "ar": "سنسور الکترواستیل 10 کيلو اهم",
        "ru": "Датчик 10k Ом",
        "ur": "سنسور الکترواستیل 10 کیلو اهم",
        "kk": "10k Ohm Sensor",
        "ku": "سنسور الکترواستیل 10 کیلو اهم",
        "hy": "10k Ohm Sensor",
        "tr": "10k Ohm Sensör"
      },
      "url": "https://defrost.ir/shop/product/%d8%b3%d9%86%d8%b3%d9%88%d8%b1-%d8%a7%d9%84%da%a9%d8%aa%d8%b1%d9%88%d8%a7%d8%b3%d8%aa%db%8c%d9%84-10-%da%a9%db%8c%d9%84%d9%88-%d8%a7%d9%87%d9%85/",
      "image": "https://defrost.ir/shop/wp-content/uploads/2020/09/سنسور-10-الکترواستیل-600x600.jpg",
      "description": {
        "fa": "",
        "en": "",
        "ar": "",
        "ru": "",
        "ur": "",
        "kk": "",
        "ku": "",
        "hy": "",
        "tr": ""
      }
    },
    {
      "name": {
        "fa": "سنسور امرسان 5 کیلو اهم",
        "en": "5k Ohm Sensor",
        "ar": "سنسور امرسان 5 کيلو اهم",
        "ru": "Датчик 5k Ом",
        "ur": "سنسور امرسان 5 کیلو اهم",
        "kk": "5k Ohm Sensor",
        "ku": "سنسور امرسان 5 کیلو اهم",
        "hy": "5k Ohm Sensor",
        "tr": "5k Ohm Sensör"
      },
      "url": "https://defrost.ir/shop/product/%d8%b3%d9%86%d8%b3%d9%88%d8%b1-%d8%b3%d8%a7%d9%85%d8%b3%d9%88%d9%86%da%af-5%da%a9%db%8c%d9%84%d9%88-%d8%a7%d9%87%d9%85/",
      "image": "https://defrost.ir/shop/wp-content/uploads/2020/09/سنسور-سامسونگ-5-600x600.jpg",
      "description": {
        "fa": "",
        "en": "",
        "ar": "",
        "ru": "",
        "ur": "",
        "kk": "",
        "ku": "",
        "hy": "",
        "tr": ""
      }
    },
    {
      "name": {
        "fa": "سنسور امرسان 5 کیلو اهم",
        "en": "5k Ohm Sensor",
        "ar": "سنسور امرسان 5 کيلو اهم",
        "ru": "Датчик 5k Ом",
        "ur": "سنسور امرسان 5 کیلو اهم",
        "kk": "5k Ohm Sensor",
        "ku": "سنسور امرسان 5 کیلو اهم",
        "hy": "5k Ohm Sensor",
        "tr": "5k Ohm Sensör"
      },
      "url": "https://defrost.ir/shop/product/%d8%b3%d9%86%d8%b3%d9%88%d8%b1-%d8%b3%d8%a7%d9%85%d8%b3%d9%88%d9%86%da%af-5%da%a9%db%8c%d9%84%d9%88-%d8%a7%d9%87%d9%85/",
      "image": "https://defrost.ir/shop/wp-content/uploads/2020/09/سنسور-سامسونگ-5-600x600.jpg",
      "description": {
        "fa": "",
        "en": "",
        "ar": "",
        "ru": "",
        "ur": "",
        "kk": "",
        "ku": "",
        "hy": "",
        "tr": ""
      }
    },
    {
      "name": {
        "fa": "سنسور امرســــان 10 کیلو اهم",
        "en": "10k Ohm Sensor",
        "ar": "سنسور امرسان 10 کيلو اهم",
        "ru": "Датчик 10k Ом",
        "ur": "سنسور امرسان 10 کیلو اهم",
        "kk": "10k Ohm Sensor",
        "ku": "سنسور امرسان 10 کیلو اهم",
        "hy": "10k Ohm Sensor",
        "tr": "10k Ohm Sensör"
      },
      "url": "https://defrost.ir/shop/product/%d8%b3%d9%86%d8%b3%d9%88%d8%b1-%d8%a7%d9%85%d8%b1%d8%b3%d9%80%d9%80%d9%80%d9%80%d8%a7%d9%86-10-%da%a9%db%8c%d9%84%d9%88-%d8%a7%d9%87%d9%85/",
      "image": "https://defrost.ir/shop/wp-content/uploads/2020/09/امرسان-10-600x600.jpg",
      "description": {
        "fa": "",
        "en": "",
        "ar": "",
        "ru": "",
        "ur": "",
        "kk": "",
        "ku": "",
        "hy": "",
        "tr": ""
      }
    },
    {
      "name": {
        "fa": "سنسور امرســــان 10 کیلو اهم",
        "en": "10k Ohm Sensor",
        "ar": "سنسور امرسان 10 کيلو اهم",
        "ru": "Датчик 10k Ом",
        "ur": "سنسور امرسان 10 کیلو اهم",
        "kk": "10k Ohm Sensor",
        "ku": "سنسور امرسان 10 کیلو اهم",
        "hy": "10k Ohm Sensor",
        "tr": "10k Ohm Sensör"
      },
      "url": "https://defrost.ir/shop/product/%d8%b3%d9%86%d8%b3%d9%88%d8%b1-%d8%a7%d9%85%d8%b1%d8%b3%d9%80%d9%80%d9%80%d9%80%d8%a7%d9%86-10-%da%a9%db%8c%d9%84%d9%88-%d8%a7%d9%87%d9%85/",
      "image": "https://defrost.ir/shop/wp-content/uploads/2020/09/امرسان-10-600x600.jpg",
      "description": {
        "fa": "",
        "en": "",
        "ar": "",
        "ru": "",
        "ur": "",
        "kk": "",
        "ku": "",
        "hy": "",
        "tr": ""
      }
    },
    {
      "name": {
        "fa": "سنسور دونار 10 کیلو اهم",
        "en": "10k Ohm Sensor",
        "ar": "سنسور دونار 10 کيلو اهم",
        "ru": "Датчик 10k Ом",
        "ur": "سنسور دونار 10 کیلو اهم",
        "kk": "10k Ohm Sensor",
        "ku": "سنسور دونار 10 کیلو اهم",
        "hy": "10k Ohm Sensor",
        "tr": "10k Ohm Sensör"
      },
      "url": "https://defrost.ir/shop/product/%d8%b3%d9%86%d8%b3%d9%88%d8%b1-%d8%af%d9%88%d9%86%d8%a7%d8%b1-10-%da%a9%db%8c%d9%84%d9%88-%d8%a7%d9%87%d9%85/",
      "image": "https://defrost.ir/shop/wp-content/uploads/2020/09/دونار-10-کیلو-600x600.jpg",
      "description": {
        "fa": "",
        "en": "",
        "ar": "",
        "ru": "",
        "ur": "",
        "kk": "",
        "ku": "",
        "hy": "",
        "tr": ""
      }
    },
    {
      "name": {
        "fa": "سنسور دونار 10 کیلو اهم",
        "en": "10k Ohm Sensor",
        "ar": "سنسور دونار 10 کيلو اهم",
        "ru": "Датчик 10k Ом",
        "ur": "سنسور دونار 10 کیلو اهم",
        "kk": "10k Ohm Sensor",
        "ku": "سنسور دونار 10 کیلو اهم",
        "hy": "10k Ohm Sensor",
        "tr": "10k Ohm Sensör"
      },
      "url": "https://defrost.ir/shop/product/%d8%b3%d9%86%d8%b3%d9%88%d8%b1-%d8%af%d9%88%d9%86%d8%a7%d8%b1-10-%da%a9%db%8c%d9%84%d9%88-%d8%a7%d9%87%d9%85/",
      "image": "https://defrost.ir/shop/wp-content/uploads/2020/09/دونار-10-کیلو-600x600.jpg",
      "description": {
        "fa": "",
        "en": "",
        "ar": "",
        "ru": "",
        "ur": "",
        "kk": "",
        "ku": "",
        "hy": "",
        "tr": ""
      }
    },
    {
      "name": {
        "fa": "سنسور سامسونگ 5 کیلو اهم",
        "en": "5k Ohm Sensor",
        "ar": "سنسور سامسونگ 5 کيلو اهم",
        "ru": "Датчик 5k Ом",
        "ur": "سنسور سامسونگ 5 کیلو اهم",
        "kk": "5k Ohm Sensor",
        "ku": "سنسور سامسونگ 5 کیلو اهم",
        "hy": "5k Ohm Sensor",
        "tr": "5k Ohm Sensör"
      },
      "url": "https://defrost.ir/shop/product/%d8%b3%d9%86%d8%b3%d9%88%d8%b1-%d8%b3%d8%a7%d9%85%d8%b3%d9%88%d9%86%da%af-5-%da%a9%db%8c%d9%84%d9%88-%d8%a7%d9%87%d9%85/",
      "image": "https://defrost.ir/shop/wp-content/uploads/2020/09/سنسور-5-سامسونگ-600x600.jpg",
      "description": {
        "fa": "",
        "en": "",
        "ar": "",
        "ru": "",
        "ur": "",
        "kk": "",
        "ku": "",
        "hy": "",
        "tr": ""
      }
    },
    {
      "name": {
        "fa": "سنسور سامسونگ 5 کیلو اهم",
        "en": "5k Ohm Sensor",
        "ar": "سنسور سامسونگ 5 کيلو اهم",
        "ru": "Датчик 5k Ом",
        "ur": "سنسور سامسونگ 5 کیلو اهم",
        "kk": "5k Ohm Sensor",
        "ku": "سنسور سامسونگ 5 کیلو اهم",
        "hy": "5k Ohm Sensor",
        "tr": "5k Ohm Sensör"
      },
      "url": "https://defrost.ir/shop/product/%d8%b3%d9%86%d8%b3%d9%88%d8%b1-%d8%b3%d8%a7%d9%85%d8%b3%d9%88%d9%86%da%af-5-%da%a9%db%8c%d9%84%d9%88-%d8%a7%d9%87%d9%85/",
      "image": "https://defrost.ir/shop/wp-content/uploads/2020/09/سنسور-5-سامسونگ-600x600.jpg",
      "description": {
        "fa": "",
        "en": "",
        "ar": "",
        "ru": "",
        "ur": "",
        "kk": "",
        "ku": "",
        "hy": "",
        "tr": ""
      }
    },
    {
      "name": {
        "fa": "سنسور سینجر 10 کیلو اهم",
        "en": "10k Ohm Sensor",
        "ar": "سنسور سینجر 10 کيلو اهم",
        "ru": "Датчик 10k Ом",
        "ur": "سنسور سینجر 10 کیلو اهم",
        "kk": "10k Ohm Sensor",
        "ku": "سنسور سینجر 10 کیلو اهم",
        "hy": "10k Ohm Sensor",
        "tr": "10k Ohm Sensör"
      },
      "url": "https://defrost.ir/shop/product/%d8%b3%d9%86%d8%b3%d9%88%d8%b1-%d8%b3%db%8c%d9%86%d8%ac%d8%b1-10-%da%a9%db%8c%d9%84%d9%88-%d8%a7%d9%87%d9%85/",
      "image": "https://defrost.ir/shop/wp-content/uploads/2020/09/سینجر-10-کیلو-600x600.jpg",
      "description": {
        "fa": "",
        "en": "",
        "ar": "",
        "ru": "",
        "ur": "",
        "kk": "",
        "ku": "",
        "hy": "",
        "tr": ""
      }
    },
    {
      "name": {
        "fa": "سنسور سینجر 10 کیلو اهم",
        "en": "10k Ohm Sensor",
        "ar": "سنسور سینجر 10 کيلو اهم",
        "ru": "Датчик 10k Ом",
        "ur": "سنسور سینجر 10 کیلو اهم",
        "kk": "10k Ohm Sensor",
        "ku": "سنسور سینجر 10 کیلو اهم",
        "hy": "10k Ohm Sensor",
        "tr": "10k Ohm Sensör"
      },
      "url": "https://defrost.ir/shop/product/%d8%b3%d9%86%d8%b3%d9%88%d8%b1-%d8%b3%db%8c%d9%86%d8%ac%d8%b1-10-%da%a9%db%8c%d9%84%d9%88-%d8%a7%d9%87%d9%85/",
      "image": "https://defrost.ir/shop/wp-content/uploads/2020/09/سینجر-10-کیلو-600x600.jpg",
      "description": {
        "fa": "",
        "en": "",
        "ar": "",
        "ru": "",
        "ur": "",
        "kk": "",
        "ku": "",
        "hy": "",
        "tr": ""
      }
    },
    {
      "name": {
        "fa": "سنسور سینجر 50 کیلو اهم",
        "en": "50k Ohm Sensor",
        "ar": "سنسور سینجر 50 کيلو اهم",
        "ru": "Датчик 50k Ом",
        "ur": "سنسور سینجر 50 کیلو اهم",
        "kk": "50k Ohm Sensor",
        "ku": "سنسور سینجر 50 کیلو اهم",
        "hy": "50k Ohm Sensor",
        "tr": "50k Ohm Sensör"
      },
      "url": "https://defrost.ir/shop/product/%d8%b3%d9%86%d8%b3%d9%88%d8%b1-%d8%b3%db%8c%d9%86%d8%ac%d8%b1-50-%da%a9%db%8c%d9%84%d9%88-%d8%a7%d9%87%d9%85/",
      "image": "https://defrost.ir/shop/wp-content/uploads/2020/09/سینجر-50-کیلو-600x600.jpg",
      "description": {
        "fa": "",
        "en": "",
        "ar": "",
        "ru": "",
        "ur": "",
        "kk": "",
        "ku": "",
        "hy": "",
        "tr": ""
      }
    },
    {
      "name": {
        "fa": "سنسور سینجر 50 کیلو اهم",
        "en": "50k Ohm Sensor",
        "ar": "سنسور سینجر 50 کيلو اهم",
        "ru": "Датчик 50k Ом",
        "ur": "سنسور سینجر 50 کیلو اهم",
        "kk": "50k Ohm Sensor",
        "ku": "سنسور سینجر 50 کیلو اهم",
        "hy": "50k Ohm Sensor",
        "tr": "50k Ohm Sensör"
      },
      "url": "https://defrost.ir/shop/product/%d8%b3%d9%86%d8%b3%d9%88%d8%b1-%d8%b3%db%8c%d9%86%d8%ac%d8%b1-50-%da%a9%db%8c%d9%84%d9%88-%d8%a7%d9%87%d9%85/",
      "image": "https://defrost.ir/shop/wp-content/uploads/2020/09/سینجر-50-کیلو-600x600.jpg",
      "description": {
        "fa": "",
        "en": "",
        "ar": "",
        "ru": "",
        "ur": "",
        "kk": "",
        "ku": "",
        "hy": "",
        "tr": ""
      }
    },
    {
      "name": {
        "fa": "سنسور محیطی سامسونگ 5 کیلو اهم",
        "en": "5k Ohm Sensor",
        "ar": "سنسور محیطی سامسونگ 5 کيلو اهم",
        "ru": "Датчик 5k Ом",
        "ur": "سنسور محیطی سامسونگ 5 کیلو اهم",
        "kk": "5k Ohm Sensor",
        "ku": "سنسور محیطی سامسونگ 5 کیلو اهم",
        "hy": "5k Ohm Sensor",
        "tr": "5k Ohm Sensör"
      },
      "url": "https://defrost.ir/shop/product/%d8%b3%d9%86%d8%b3%d9%88%d8%b1-%d9%85%d8%ad%db%8c%d8%b7%db%8c-%d8%b3%d8%a7%d9%85%d8%b3%d9%88%d9%86%da%af-5-%da%a9%db%8c%d9%84%d9%88-%d8%a7%d9%87%d9%85/",
      "image": "https://defrost.ir/shop/wp-content/uploads/2018/01/58-600x600.jpg",
      "description": {
        "fa": "",
        "en": "",
        "ar": "",
        "ru": "",
        "ur": "",
        "kk": "",
        "ku": "",
        "hy": "",
        "tr": ""
      }
    },
    {
      "name": {
        "fa": "سنسور محیطی سامسونگ 5 کیلو اهم",
        "en": "5k Ohm Sensor",
        "ar": "سنسور محیطی سامسونگ 5 کيلو اهم",
        "ru": "Датчик 5k Ом",
        "ur": "سنسور محیطی سامسونگ 5 کیلو اهم",
        "kk": "5k Ohm Sensor",
        "ku": "سنسور محیطی سامسونگ 5 کیلو اهم",
        "hy": "5k Ohm Sensor",
        "tr": "5k Ohm Sensör"
      },
      "url": "https://defrost.ir/shop/product/%d8%b3%d9%86%d8%b3%d9%88%d8%b1-%d9%85%d8%ad%db%8c%d8%b7%db%8c-%d8%b3%d8%a7%d9%85%d8%b3%d9%88%d9%86%da%af-5-%da%a9%db%8c%d9%84%d9%88-%d8%a7%d9%87%d9%85/",
      "image": "https://defrost.ir/shop/wp-content/uploads/2018/01/58-600x600.jpg",
      "description": {
        "fa": "",
        "en": "",
        "ar": "",
        "ru": "",
        "ur": "",
        "kk": "",
        "ku": "",
        "hy": "",
        "tr": ""
      }
    },
    {
      "name": {
        "fa": "سنسور نیکسان 10 کیلو اهم",
        "en": "10k Ohm Sensor",
        "ar": "سنسور نیکسان 10 کيلو اهم",
        "ru": "Датчик 10k Ом",
        "ur": "سنسور نیکسان 10 کیلو اهم",
        "kk": "10k Ohm Sensor",
        "ku": "سنسور نیکسان 10 کیلو اهم",
        "hy": "10k Ohm Sensor",
        "tr": "10k Ohm Sensör"
      },
      "url": "https://defrost.ir/shop/product/%d8%b3%d9%86%d8%b3%d9%88%d8%b1-%d9%86%db%8c%da%a9%d8%b3%d8%a7%d9%86-10-%da%a9%db%8c%d9%84%d9%88-%d8%a7%d9%87%d9%85/",
      "image": "https://defrost.ir/shop/wp-content/uploads/2020/09/نیکسان-10-کیلو-600x600.jpg",
      "description": {
        "fa": "",
        "en": "",
        "ar": "",
        "ru": "",
        "ur": "",
        "kk": "",
        "ku": "",
        "hy": "",
        "tr": ""
      }
    },
    {
      "name": {
        "fa": "سنسور نیکسان 10 کیلو اهم",
        "en": "10k Ohm Sensor",
        "ar": "سنسور نیکسان 10 کيلو اهم",
        "ru": "Датчик 10k Ом",
        "ur": "سنسور نیکسان 10 کیلو اهم",
        "kk": "10k Ohm Sensor",
        "ku": "سنسور نیکسان 10 کیلو اهم",
        "hy": "10k Ohm Sensor",
        "tr": "10k Ohm Sensör"
      },
      "url": "https://defrost.ir/shop/product/%d8%b3%d9%86%d8%b3%d9%88%d8%b1-%d9%86%db%8c%da%a9%d8%b3%d8%a7%d9%86-10-%da%a9%db%8c%d9%84%d9%88-%d8%a7%d9%87%d9%85/",
      "image": "https://defrost.ir/shop/wp-content/uploads/2020/09/نیکسان-10-کیلو-600x600.jpg",
      "description": {
        "fa": "",
        "en": "",
        "ar": "",
        "ru": "",
        "ur": "",
        "kk": "",
        "ku": "",
        "hy": "",
        "tr": ""
      }
    },
    {
      "name": {
        "fa": "سنسور نیکسان 50 کیلو اهم",
        "en": "50k Ohm Sensor",
        "ar": "سنسور نیکسان 50 کيلو اهم",
        "ru": "Датчик 50k Ом",
        "ur": "سنسور نیکسان 50 کیلو اهم",
        "kk": "50k Ohm Sensor",
        "ku": "سنسور نیکسان 50 کیلو اهم",
        "hy": "50k Ohm Sensor",
        "tr": "50k Ohm Sensör"
      },
      "url": "https://defrost.ir/shop/product/%d8%b3%d9%86%d8%b3%d9%88%d8%b1-%d9%86%db%8c%da%a9%d8%b3%d8%a7%d9%86-50-%da%a9%db%8c%d9%84%d9%88-%d8%a7%d9%87%d9%85/",
      "image": "https://defrost.ir/shop/wp-content/uploads/2020/09/نیکسان-50-کیلو-600x600.jpg",
      "description": {
        "fa": "",
        "en": "",
        "ar": "",
        "ru": "",
        "ur": "",
        "kk": "",
        "ku": "",
        "hy": "",
        "tr": ""
      }
    },
    {
      "name": {
        "fa": "سنسور نیکسان 50 کیلو اهم",
        "en": "50k Ohm Sensor",
        "ar": "سنسور نیکسان 50 کيلو اهم",
        "ru": "Датчик 50k Ом",
        "ur": "سنسور نیکسان 50 کیلو اهم",
        "kk": "50k Ohm Sensor",
        "ku": "سنسور نیکسان 50 کیلو اهم",
        "hy": "50k Ohm Sensor",
        "tr": "50k Ohm Sensör"
      },
      "url": "https://defrost.ir/shop/product/%d8%b3%d9%86%d8%b3%d9%88%d8%b1-%d9%86%db%8c%da%a9%d8%b3%d8%a7%d9%86-50-%da%a9%db%8c%d9%84%d9%88-%d8%a7%d9%87%d9%85/",
      "image": "https://defrost.ir/shop/wp-content/uploads/2020/09/نیکسان-50-کیلو-600x600.jpg",
      "description": {
        "fa": "",
        "en": "",
        "ar": "",
        "ru": "",
        "ur": "",
        "kk": "",
        "ku": "",
        "hy": "",
        "tr": ""
      }
    },
    {
      "name": {
        "fa": "سنسور هیمالیا 10 کیلو اهم سیم بلند",
        "en": "10k Ohm Sensor",
        "ar": "سنسور هیمالیا 10 کيلو اهم سیم بلند",
        "ru": "Датчик 10k Ом",
        "ur": "سنسور هیمالیا 10 کیلو اهم سیم بلند",
        "kk": "10k Ohm Sensor",
        "ku": "سنسور هیمالیا 10 کیلو اهم سیم بلند",
        "hy": "10k Ohm Sensor",
        "tr": "10k Ohm Sensör"
      },
      "url": "https://defrost.ir/shop/product/%d8%b3%d9%86%d8%b3%d9%88%d8%b1-%d9%87%db%8c%d9%85%d8%a7%d9%84%db%8c%d8%a7-10-%da%a9%db%8c%d9%84%d9%88-%d8%a7%d9%87%d9%85/",
      "image": "https://defrost.ir/shop/wp-content/uploads/2020/09/هیمالیا-10-کیلواهم-600x600.jpg",
      "description": {
        "fa": "",
        "en": "",
        "ar": "",
        "ru": "",
        "ur": "",
        "kk": "",
        "ku": "",
        "hy": "",
        "tr": ""
      }
    },
    {
      "name": {
        "fa": "سنسور هیمالیا 10 کیلو اهم سیم بلند",
        "en": "10k Ohm Sensor",
        "ar": "سنسور هیمالیا 10 کيلو اهم سیم بلند",
        "ru": "Датчик 10k Ом",
        "ur": "سنسور هیمالیا 10 کیلو اهم سیم بلند",
        "kk": "10k Ohm Sensor",
        "ku": "سنسور هیمالیا 10 کیلو اهم سیم بلند",
        "hy": "10k Ohm Sensor",
        "tr": "10k Ohm Sensör"
      },
      "url": "https://defrost.ir/shop/product/%d8%b3%d9%86%d8%b3%d9%88%d8%b1-%d9%87%db%8c%d9%85%d8%a7%d9%84%db%8c%d8%a7-10-%da%a9%db%8c%d9%84%d9%88-%d8%a7%d9%87%d9%85/",
      "image": "https://defrost.ir/shop/wp-content/uploads/2020/09/هیمالیا-10-کیلواهم-600x600.jpg",
      "description": {
        "fa": "",
        "en": "",
        "ar": "",
        "ru": "",
        "ur": "",
        "kk": "",
        "ku": "",
        "hy": "",
        "tr": ""
      }
    },
    {
      "name": {
        "fa": "سنسور پارس، جنرال استیل، ایران پویا (3 کیلو اهم)",
        "en": "Pars, General Stainless, Iran Pooya (3k Ohm)",
        "ar": "پارس، جنرال استیل، ایران پویا (3 کيلو اهم)",
        "ru": "Парс, Общий Стальной, Иран Пооя (3k Ом)",
        "ur": "پارس، جنرال استیل، ایران پویا (3 کیلو اهم)",
        "kk": "Pars, General Stainless, Iran Pooya (3k Ohm)",
        "ku": "Pars, General Stainless, Iran Pooya (3k Ohm)",
        "hy": "Pars, General Stainless, Iran Pooya (3k Ohm)",
        "tr": "Pars, General Stainless, Iran Pooya (3k Ohm)"
      },
      "url": "https://defrost.ir/shop/product/%d8%b3%d9%86%d8%b3%d9%88%d8%b1-%d9%be%d8%a7%d8%b1%d8%b3%d8%8c-%d8%ac%d9%86%d8%b1%d8%a7%d9%84-%d8%a7%d8%b3%d8%aa%db%8c%d9%84%d8%8c-%d8%a7%db%8c%d8%b1%d8%a7%d9%86-%d9%be%d9%88%db%8c%d8%a7-3-%da%a9/",
      "image": "https://defrost.ir/shop/wp-content/uploads/2018/01/102-600x600.jpg",
      "description": {
        "fa": "",
        "en": "",
        "ar": "",
        "ru": "",
        "ur": "",
        "kk": "",
        "ku": "",
        "hy": "",
        "tr": ""
      }
    },
    {
      "name": {
        "fa": "سنسور پارس، جنرال استیل، ایران پویا (3 کیلو اهم)",
        "en": "Pars, General Stainless, Iran Pooya (3k Ohm)",
        "ar": "پارس، جنرال استیل، ایران پویا (3 کيلو اهم)",
        "ru": "Парс, Общий Стальной, Иран Пооя (3k Ом)",
        "ur": "پارس، جنرال استیل، ایران پویا (3 کیلو اهم)",
        "kk": "Pars, General Stainless, Iran Pooya (3k Ohm)",
        "ku": "Pars, General Stainless, Iran Pooya (3k Ohm)",
        "hy": "Pars, General Stainless, Iran Pooya (3k Ohm)",
        "tr": "Pars, General Stainless, Iran Pooya (3k Ohm)"
      },
      "url": "https://defrost.ir/shop/product/%d8%b3%d9%86%d8%b3%d9%88%d8%b1-%d9%be%d8%a7%d8%b1%d8%b3%d8%8c-%d8%ac%d9%86%d8%b1%d8%a7%d9%84-%d8%a7%d8%b3%d8%aa%db%8c%d9%84%d8%8c-%d8%a7%db%8c%d8%b1%d8%a7%d9%86-%d9%be%d9%88%db%8c%d8%a7-3-%da%a9/",
      "image": "https://defrost.ir/shop/wp-content/uploads/2018/01/102-600x600.jpg",
      "description": {
        "fa": "",
        "en": "",
        "ar": "",
        "ru": "",
        "ur": "",
        "kk": "",
        "ku": "",
        "hy": "",
        "tr": ""
      }
    },
    {
      "name": {
        "fa": "سنسور یخساران – اسنوا 676",
        "en": "Ice Saver - Asna 676",
        "ar": "یخساران – اسنوا 676",
        "ru": "Лед Сохраняющий - Асна 676",
        "ur": "یخساران – اسنوا 676",
        "kk": "Ice Saver - Asna 676",
        "ku": "Ice Saver - Asna 676",
        "hy": "Ice Saver - Asna 676",
        "tr": "Buz Kaybetme - Asna 676"
      },
      "url": "https://defrost.ir/shop/product/%d8%b3%d9%86%d8%b3%d9%88%d8%b1-%d8%b3%d9%86%d9%88%d8%a7-%d9%85%d8%af%d9%84-676/",
      "image": "https://defrost.ir/shop/wp-content/uploads/2018/01/81-600x600.jpg",
      "description": {
        "fa": "",
        "en": "",
        "ar": "",
        "ru": "",
        "ur": "",
        "kk": "",
        "ku": "",
        "hy": "",
        "tr": ""
      }
    },
    {
      "name": {
        "fa": "سنسور یخساران – اسنوا 676",
        "en": "Ice Saver - Asna 676",
        "ar": "یخساران – اسنوا 676",
        "ru": "Лед Сохраняющий - Асна 676",
        "ur": "یخساران – اسنوا 676",
        "kk": "Ice Saver - Asna 676",
        "ku": "Ice Saver - Asna 676",
        "hy": "Ice Saver - Asna 676",
        "tr": "Buz Kaybetme - Asna 676"
      },
      "url": "https://defrost.ir/shop/product/%d8%b3%d9%86%d8%b3%d9%88%d8%b1-%d8%b3%d9%86%d9%88%d8%a7-%d9%85%d8%af%d9%84-676/",
      "image": "https://defrost.ir/shop/wp-content/uploads/2018/01/81-600x600.jpg",
      "description": {
        "fa": "",
        "en": "",
        "ar": "",
        "ru": "",
        "ur": "",
        "kk": "",
        "ku": "",
        "hy": "",
        "tr": ""
      }
    }
  ]
}