{
  "category_name": {
    "fa": "ساکشن",
    "en": "Suction",
    "ar": "شفط",
    "ru": "Всасывание",
    "kk": "Всасывание",
    "ku": "ساکشن",
    "tr": "Emiş"
  },
  "category_url": "https://defrost.ir/shop/product-category/spare-parts-for-refrigerators/suction/",
  "products": [
    {
      "name": {
        "fa": "ساکشن 1/4 سایز 018 سفارشی",
        "en": "Suction 1/4 Size 018 Custom",
        "ar": "شفط 1/4 مقاس 018 مخصص",
        "ru": "Всасывание 1/4 Размер 018 Индивидуально",
        "kk": "Всасывание 1/4 Размер 018 Индивидуально",
        "ku": "ساکشن 1/4 مقاس 018 مخصص",
        "tr": "Emiş 1/4 Boyut 018 Özel"
      },
      "url": "https://defrost.ir/shop/product/%d8%b3%d8%a7%da%a9%d8%b4%d9%861/",
      "image": "https://defrost.ir/shop/wp-content/uploads/2018/01/51-600x600.jpg",
      "description": {
        "fa": "",
        "en": "",
        "ar": "",
        "ru": "",
        "kk": "",
        "ku": "",
        "tr": ""
      }
    },
    {
      "name": {
        "fa": "ساکشن 1/4 سایز 018 سفارشی",
        "en": "Suction 1/4 Size 018 Custom",
        "ar": "شفط 1/4 مقاس 018 مخصص",
        "ru": "Всасывание 1/4 Размер 018 Индивидуально",
        "kk": "Всасывание 1/4 Размер 018 Индивидуально",
        "ku": "ساکشن 1/4 مقاس 018 مخصص",
        "tr": "Emiş 1/4 Boyut 018 Özel"
      },
      "url": "https://defrost.ir/shop/product/%d8%b3%d8%a7%da%a9%d8%b4%d9%861/",
      "image": "https://defrost.ir/shop/wp-content/uploads/2018/01/51-600x600.jpg",
      "description": {
        "fa": "",
        "en": "",
        "ar": "",
        "ru": "",
        "kk": "",
        "ku": "",
        "tr": ""
      }
    },
    {
      "name": {
        "fa": "ساکشن 1/5 سایز 018 سفارشی",
        "en": "Suction 1/5 Size 018 Custom",
        "ar": "شفط 1/5 مقاس 018 مخصص",
        "ru": "Всасывание 1/5 Размер 018 Индивидуально",
        "kk": "Всасывание 1/5 Размер 018 Индивидуально",
        "ku": "ساکشن 1/5 مقاس 018 مخصص",
        "tr": "Emiş 1/5 Boyut 018 Özel"
      },
      "url": "https://defrost.ir/shop/product/%d8%b3%d8%a7%da%a9%d8%b4%d9%86/",
      "image": "https://defrost.ir/shop/wp-content/uploads/2018/01/52-600x600.jpg",
      "description": {
        "fa": "",
        "en": "",
        "ar": "",
        "ru": "",
        "kk": "",
        "ku": "",
        "tr": ""
      }
    },
    {
      "name": {
        "fa": "ساکشن 1/5 سایز 018 سفارشی",
        "en": "Suction 1/5 Size 018 Custom",
        "ar": "شفط 1/5 مقاس 018 مخصص",
        "ru": "Всасывание 1/5 Размер 018 Индивидуально",
        "kk": "Всасывание 1/5 Размер 018 Индивидуально",
        "ku": "ساکشن 1/5 مقاس 018 مخصص",
        "tr": "Emiş 1/5 Boyut 018 Özel"
      },
      "url": "https://defrost.ir/shop/product/%d8%b3%d8%a7%da%a9%d8%b4%d9%86/",
      "image": "https://defrost.ir/shop/wp-content/uploads/2018/01/52-600x600.jpg",
      "description": {
        "fa": "",
        "en": "",
        "ar": "",
        "ru": "",
        "kk": "",
        "ku": "",
        "tr": ""
      }
    },
    {
      "name": {
        "fa": "ساکشن 1/6 سایز 018 سفارشی",
        "en": "Suction 1/6 Size 018 Custom",
        "ar": "شفط 1/6 مقاس 018 مخصص",
        "ru": "Всасывание 1/6 Размер 018 Индивидуально",
        "kk": "Всасывание 1/6 Размер 018 Индивидуально",
        "ku": "ساکشن 1/6 مقاس 018 مخصص",
        "tr": "Emiş 1/6 Boyut 018 Özel"
      },
      "url": "https://defrost.ir/shop/product/tortuga-glasses/",
      "image": "https://defrost.ir/shop/wp-content/uploads/2014/11/400-600x600.jpg",
      "description": {
        "fa": "",
        "en": "",
        "ar": "",
        "ru": "",
        "kk": "",
        "ku": "",
        "tr": ""
      }
    },
    {
      "name": {
        "fa": "ساکشن 1/6 سایز 018 سفارشی",
        "en": "Suction 1/6 Size 018 Custom",
        "ar": "شفط 1/6 مقاس 018 مخصص",
        "ru": "Всасывание 1/6 Размер 018 Индивидуально",
        "kk": "Всасывание 1/6 Размер 018 Индивидуально",
        "ku": "ساکشن 1/6 مقاس 018 مخصص",
        "tr": "Emiş 1/6 Boyut 018 Özel"
      },
      "url": "https://defrost.ir/shop/product/tortuga-glasses/",
      "image": "https://defrost.ir/shop/wp-content/uploads/2014/11/400-600x600.jpg",
      "description": {
        "fa": "",
        "en": "",
        "ar": "",
        "ru": "",
        "kk": "",
        "ku": "",
        "tr": ""
      }
    },
    {
      "name": {
        "fa": "ساکشن 1/8 سایز 018 سفارشی",
        "en": "Suction 1/8 Size 018 Custom",
        "ar": "شفط 1/8 مقاس 018 مخصص",
        "ru": "Всасывание 1/8 Размер 018 Индивидуально",
        "kk": "Всасывание 1/8 Размер 018 Индивидуально",
        "ku": "ساکشن 1/8 مقاس 018 مخصص",
        "tr": "Emiş 1/8 Boyut 018 Özel"
      },
      "url": "https://defrost.ir/shop/product/%d8%b3%d8%a7%da%a9%d8%b4%d9%86-1-8-%d8%b3%d8%a7%db%8c%d8%b2-018-%d8%b3%d9%81%d8%a7%d8%b1%d8%b4%db%8c/",
      "image": "https://defrost.ir/shop/wp-content/uploads/2020/09/ساکشن-600x600.jpg",
      "description": {
        "fa": "",
        "en": "",
        "ar": "",
        "ru": "",
        "kk": "",
        "ku": "",
        "tr": ""
      }
    },
    {
      "name": {
        "fa": "ساکشن 1/8 سایز 018 سفارشی",
        "en": "Suction 1/8 Size 018 Custom",
        "ar": "شفط 1/8 مقاس 018 مخصص",
        "ru": "Всасывание 1/8 Размер 018 Индивидуально",
        "kk": "Всасывание 1/8 Размер 018 Индивидуально",
        "ku": "ساکشن 1/8 مقاس 018 مخصص",
        "tr": "Emiş 1/8 Boyut 018 Özel"
      },
      "url": "https://defrost.ir/shop/product/%d8%b3%d8%a7%da%a9%d8%b4%d9%86-1-8-%d8%b3%d8%a7%db%8c%d8%b2-018-%d8%b3%d9%81%d8%a7%d8%b1%d8%b4%db%8c/",
      "image": "https://defrost.ir/shop/wp-content/uploads/2020/09/ساکشن-600x600.jpg",
      "description": {
        "fa": "",
        "en": "",
        "ar": "",
        "ru": "",
        "kk": "",
        "ku": "",
        "tr": ""
      }
    }
  ]
}