{
  "category_name": {
    "fa": "صفحه تریزون",
    "en": "Threeson Page",
    "ar": "صفحة تریزون",
    "ru": "Страница Тризон",
    "ur": "صفحہ تریزون",
    "kk": "Threeson беті",
    "ku": "Rûpelê Threeson",
    "hy": "Թրիզոն էջ",
    "tr": "Threeson Sayfası"
  },
  "category_url": "https://defrost.ir/shop/product-category/spare-parts-for-refrigerators/threeson-page/",
  "products": [
    {
      "name": {
        "fa": "صفحه تریزون 120cc لوله بلند",
        "en": "120cc Long Tube Threeson Page",
        "ar": "صفحه تریزون 120cc لوله بلند",
        "ur": "صفحہ تریزون 120cc لولہ بلند",
        "kk": "120cc Long Tube Threeson Page",
        "ku": "120cc Long Tube Threeson Page",
        "tr": "120cc Uzun Borulu Threeson Sayfası"
      },
      "url": "https://defrost.ir/shop/product/%d8%b5%d9%81%d8%ad%d9%87-%d8%aa%d8%b1%db%8c%d8%b2%d9%88%d9%86-120cc-%d9%84%d9%88%d9%84%d9%87-%d8%a8%d9%84%d9%86%d8%af/",
      "image": "https://defrost.ir/shop/wp-content/uploads/2022/05/120لوله-بلند-600x600.jpg",
      "description": {
        "fa": "",
        "en": "",
        "ar": "",
        "ur": "",
        "kk": "",
        "ku": "",
        "tr": ""
      }
    },
    {
      "name": {
        "fa": "صفحه تریزون 120cc لوله بلند",
        "en": "120cc Long Tube Threeson Page",
        "ar": "صفحه تریزون 120cc لوله بلند",
        "ur": "صفحہ تریزون 120cc لولہ بلند",
        "kk": "120cc Long Tube Threeson Page",
        "ku": "120cc Long Tube Threeson Page",
        "tr": "120cc Uzun Borulu Threeson Sayfası"
      },
      "url": "https://defrost.ir/shop/product/%d8%b5%d9%81%d8%ad%d9%87-%d8%aa%d8%b1%db%8c%d8%b2%d9%88%d9%86-120cc-%d9%84%d9%88%d9%84%d9%87-%d8%a8%d9%84%d9%86%d8%af/",
      "image": "https://defrost.ir/shop/wp-content/uploads/2022/05/120لوله-بلند-600x600.jpg",
      "description": {
        "fa": "",
        "en": "",
        "ar": "",
        "ur": "",
        "kk": "",
        "ku": "",
        "tr": ""
      }
    },
    {
      "name": {
        "fa": "صفحه تریزون 180cc ساکشن دار",
        "en": "180cc Sidewall Mounted Threeson Page",
        "ar": "صفحه تریزون 180cc ساکشن دار",
        "ur": "صفحہ تریزون 180cc ساکشن دار",
        "kk": "180cc Sidewall Mounted Threeson Page",
        "ku": "180cc Sidewall Mounted Threeson Page"
      },
      "url": "https://defrost.ir/shop/product/%d8%b5%d9%81%d8%ad%d9%87-%d8%aa%d8%b1%db%8c%d8%b2%d9%88%d9%86-180cc-%d8%b3%d8%a7%da%a9%d8%b4%d9%86-%d8%af%d8%a7%d8%b1/",
      "image": "https://defrost.ir/shop/wp-content/uploads/2022/05/180ساکشندار-600x600.jpg",
      "description": ""
    },
    {
      "name": {
        "fa": "صفحه تریزون 180cc ساکشن دار",
        "en": "180cc Sidewall Mounted Threeson Page",
        "ar": "صفحه تریزون 180cc ساکشن دار",
        "ur": "صفحہ تریزون 180cc ساکشن دار",
        "kk": "180cc Sidewall Mounted Threeson Page",
        "ku": "180cc Sidewall Mounted Threeson Page"
      },
      "url": "https://defrost.ir/shop/product/%d8%b5%d9%81%d8%ad%d9%87-%d8%aa%d8%b1%db%8c%d8%b2%d9%88%d9%86-180cc-%d8%b3%d8%a7%da%a9%d8%b4%d9%86-%d8%af%d8%a7%d8%b1/",
      "image": "https://defrost.ir/shop/wp-content/uploads/2022/05/180ساکشندار-600x600.jpg",
      "description": ""
    },
    {
      "name": {
        "fa": "صفحه تریزون 200cc ساکشن دار",
        "en": "200cc Sidewall Mounted Threeson Page",
        "ar": "صفحه تریزون 200cc ساکشن دار",
        "ur": "صفحہ تریزون 200cc ساکشن دار",
        "kk": "200cc Sidewall Mounted Threeson Page",
        "ku": "200cc Sidewall Mounted Threeson Page"
      },
      "url": "https://defrost.ir/shop/product/%d8%b5%d9%81%d8%ad%d9%87-%d8%aa%d8%b1%db%8c%d8%b2%d9%88%d9%86-200cc-%d8%b3%d8%a7%da%a9%d8%b4%d9%86-%d8%af%d8%a7%d8%b1/",
      "image": "https://defrost.ir/shop/wp-content/uploads/2022/05/200ساکشندار-600x600.jpg",
      "description": ""
    },
    {
      "name": {
        "fa": "صفحه تریزون 200cc ساکشن دار",
        "en": "200cc Sidewall Mounted Threeson Page",
        "ar": "صفحه تریزون 200cc ساکشن دار",
        "ur": "صفحہ تریزون 200cc ساکشن دار",
        "kk": "200cc Sidewall Mounted Threeson Page",
        "ku": "200cc Sidewall Mounted Threeson Page"
      },
      "url": "https://defrost.ir/shop/product/%d8%b5%d9%81%d8%ad%d9%87-%d8%aa%d8%b1%db%8c%d8%b2%d9%88%d9%86-200cc-%d8%b3%d8%a7%da%a9%d8%b4%d9%86-%d8%af%d8%a7%d8%b1/",
      "image": "https://defrost.ir/shop/wp-content/uploads/2022/05/200ساکشندار-600x600.jpg",
      "description": ""
    },
    {
      "name": {
        "fa": "صفحه تریزون 250 سی سی",
        "en": "250cc Sidewall Mounted Threeson Page",
        "ar": "صفحه تریزون 250 سی سی",
        "ur": "صفحہ تریزون 250 سی سی",
        "kk": "250cc Sidewall Mounted Threeson Page",
        "ku": "250cc Sidewall Mounted Threeson Page"
      },
      "url": "https://defrost.ir/shop/product/%d8%b5%d9%81%d8%ad%d9%87-%d8%aa%d8%b1%db%8c%d8%b2%d9%88%d9%86-250-%d8%b3%db%8c-%d8%b3%db%8c/",
      "image": "https://defrost.ir/shop/wp-content/uploads/2018/01/1-1-600x600.jpg",
      "description": ""
    },
    {
      "name": {
        "fa": "صفحه تریزون 250 سی سی",
        "en": "250cc Sidewall Mounted Threeson Page",
        "ar": "صفحه تریزون 250 سی سی",
        "ur": "صفحہ تریزون 250 سی سی",
        "kk": "250cc Sidewall Mounted Threeson Page",
        "ku": "250cc Sidewall Mounted Threeson Page"
      },
      "url": "https://defrost.ir/shop/product/%d8%b5%d9%81%d8%ad%d9%87-%d8%aa%d8%b1%db%8c%d8%b2%d9%88%d9%86-250-%d8%b3%db%8c-%d8%b3%db%8c/",
      "image": "https://defrost.ir/shop/wp-content/uploads/2018/01/1-1-600x600.jpg",
      "description": ""
    },
    {
      "name": {
        "fa": "صفحه تریزون 250cc ساکشن دار تک لول",
        "en": "250cc Sidewall Mounted Threeson Page with Single Tube",
        "ar": "صفحه تریزون 250cc ساکشن دار تک لول",
        "ur": "صفحہ تریزون 250cc ساکشن دار تک لول",
        "kk": "250cc Sidewall Mounted Threeson Page with Single Tube",
        "ku": "250cc Sidewall Mounted Threeson Page with Single Tube"
      },
      "url": "https://defrost.ir/shop/product/%d8%b5%d9%81%d8%ad%d9%87-%d8%aa%d8%b1%db%8c%d8%b2%d9%88%d9%86-250cc-%d8%b3%d8%a7%da%a9%d8%b4%d9%86-%d8%af%d8%a7%d8%b1/",
      "image": "https://defrost.ir/shop/wp-content/uploads/2022/05/250ساکشندار-600x600.jpg",
      "description": ""
    },
    {
      "name": {
        "fa": "صفحه تریزون 250cc ساکشن دار تک لول",
        "en": "250cc Sidewall Mounted Threeson Page with Single Tube",
        "ar": "صفحه تریزون 250cc ساکشن دار تک لول",
        "ur": "صفحہ تریزون 250cc ساکشن دار تک لول",
        "kk": "250cc Sidewall Mounted Threeson Page with Single Tube",
        "ku": "250cc Sidewall Mounted Threeson Page with Single Tube"
      },
      "url": "https://defrost.ir/shop/product/%d8%b5%d9%81%d8%ad%d9%87-%d8%aa%d8%b1%db%8c%d8%b2%d9%88%d9%86-250cc-%d8%b3%d8%a7%da%a9%d8%b4%d9%86-%d8%af%d8%a7%d8%b1/",
      "image": "https://defrost.ir/shop/wp-content/uploads/2022/05/250ساکشندار-600x600.jpg",
      "description": ""
    },
    {
      "name": {
        "fa": "صفحه تریزون 300cc",
        "en": "300cc Sidewall Mounted Threeson Page",
        "ar": "صفحه تریزون 300cc",
        "ur": "صفحہ تریزون 300cc",
        "kk": "300cc Sidewall Mounted Threeson Page",
        "ku": "300cc Sidewall Mounted Threeson Page"
      },
      "url": "https://defrost.ir/shop/product/%d8%b5%d9%81%d8%ad%d9%87-%d8%aa%d8%b1%db%8c%d8%b2%d9%88%d9%86-300cc/",
      "image": "https://defrost.ir/shop/wp-content/uploads/2022/05/صفحه300-600x600.jpg",
      "description": ""
    },
    {
      "name": {
        "fa": "صفحه تریزون 300cc",
        "en": "300cc Sidewall Mounted Threeson Page",
        "ar": "صفحه تریزون 300cc",
        "ur": "صفحہ تریزون 300cc",
        "kk": "300cc Sidewall Mounted Threeson Page",
        "ku": "300cc Sidewall Mounted Threeson Page"
      },
      "url": "https://defrost.ir/shop/product/%d8%b5%d9%81%d8%ad%d9%87-%d8%aa%d8%b1%db%8c%d8%b2%d9%88%d9%86-300cc/",
      "image": "https://defrost.ir/shop/wp-content/uploads/2022/05/صفحه300-600x600.jpg",
      "description": ""
    },
    {
      "name": {
        "fa": "صفحه تریزون 5 فوت ساکشن دار L",
        "en": "5ft Sidewall Mounted Threeson Page with L Tube",
        "ar": "صفحه تریزون 5 فوت ساکشن دار L",
        "ur": "صفحہ تریزون 5 فوت ساکشن دار L",
        "kk": "5ft Sidewall Mounted Threeson Page with L Tube",
        "ku": "5ft Sidewall Mounted Threeson Page with L Tube"
      },
      "url": "https://defrost.ir/shop/product/%d8%b5%d9%81%d8%ad%d9%87-%d8%aa%d8%b1%db%8c%d8%b2%d9%88%d9%86-5-%d9%81%d9%88%d8%aa-%d8%b3%d8%a7%da%a9%d8%b4%d9%86-%d8%af%d8%a7%d8%b1-l/",
      "image": "https://defrost.ir/shop/wp-content/uploads/2022/05/5فوت-ساکشن-دارL-600x600.jpg",
      "description": ""
    },
    {
      "name": {
        "fa": "صفحه تریزون 5 فوت ساکشن دار L",
        "en": "5ft Sidewall Mounted Threeson Page with L Tube",
        "ar": "صفحه تریزون 5 فوت ساکشن دار L",
        "ur": "صفحہ تریزون 5 فوت ساکشن دار L",
        "kk": "5ft Sidewall Mounted Threeson Page with L Tube",
        "ku": "5ft Sidewall Mounted Threeson Page with L Tube"
      },
      "url": "https://defrost.ir/shop/product/%d8%b5%d9%81%d8%ad%d9%87-%d8%aa%d8%b1%db%8c%d8%b2%d9%88%d9%86-5-%d9%81%d9%88%d8%aa-%d8%b3%d8%a7%da%a9%d8%b4%d9%86-%d8%af%d8%a7%d8%b1-l/",
      "image": "https://defrost.ir/shop/wp-content/uploads/2022/05/5فوت-ساکشن-دارL-600x600.jpg",
      "description": ""
    },
    {
      "name": {
        "fa": "صفحه تریزون 5 فوت ساکشن دار U",
        "en": "5ft Sidewall Mounted Threeson Page with U Tube",
        "ar": "صفحه تریزون 5 فوت ساکشن دار U",
        "ur": "صفحہ تریزون 5 فوت ساکشن دار U",
        "kk": "5ft Sidewall Mounted Threeson Page with U Tube",
        "ku": "5ft Sidewall Mounted Threeson Page with U Tube"
      },
      "url": "https://defrost.ir/shop/product/%d8%b5%d9%81%d8%ad%d9%87-%d8%aa%d8%b1%db%8c%d8%b2%d9%88%d9%86-5-%d9%81%d9%88%d8%aa-%d8%b3%d8%a7%da%a9%d8%b4%d9%86-%d8%af%d8%a7%d8%b1-u/",
      "image": "https://defrost.ir/shop/wp-content/uploads/2022/05/صفحه5فوت-ساکشن-دارu-600x600.jpg",
      "description": ""
    },
    {
      "name": {
        "fa": "صفحه تریزون 5 فوت ساکشن دار U",
        "en": "5ft Sidewall Mounted Threeson Page with U Tube",
        "ar": "صفحه تریزون 5 فوت ساکشن دار U",
        "ur": "صفحہ تریزون 5 فوت ساکشن دار U",
        "kk": "5ft Sidewall Mounted Threeson Page with U Tube",
        "ku": "5ft Sidewall Mounted Threeson Page with U Tube"
      },
      "url": "https://defrost.ir/shop/product/%d8%b5%d9%81%d8%ad%d9%87-%d8%aa%d8%b1%db%8c%d8%b2%d9%88%d9%86-5-%d9%81%d9%88%d8%aa-%d8%b3%d8%a7%da%a9%d8%b4%d9%86-%d8%af%d8%a7%d8%b1-u/",
      "image": "https://defrost.ir/shop/wp-content/uploads/2022/05/صفحه5فوت-ساکشن-دارu-600x600.jpg",
      "description": ""
    },
    {
      "name": {
        "fa": "صفحه تریزون 70cc هیمالیایی",
        "en": "70cc Hemalialaiyi Page",
        "ar": "صفحه تریزون 70cc هیمالیایی",
        "ur": "صفحہ تریزون 70cc هیمالیایی",
        "kk": "70cc Hemalialaiyi Page",
        "ku": "70cc Hemalialaiyi Page"
      },
      "url": "https://defrost.ir/shop/product/%d8%b5%d9%81%d8%ad%d9%87-%d8%aa%d8%b1%db%8c%d8%b2%d9%88%d9%86-%d9%87%db%8c%d9%85%d8%a7%d9%84%db%8c%d8%a7%db%8c%db%8c/",
      "image": "https://defrost.ir/shop/wp-content/uploads/2019/02/21-600x600.jpg",
      "description": ""
    },
    {
      "name": {
        "fa": "صفحه تریزون 70cc هیمالیایی",
        "en": "70cc Hemalialaiyi Page",
        "ar": "صفحه تریزون 70cc هیمالیایی",
        "ur": "صفحہ تریزون 70cc هیمالیایی",
        "kk": "70cc Hemalialaiyi Page",
        "ku": "70cc Hemalialaiyi Page"
      },
      "url": "https://defrost.ir/shop/product/%d8%b5%d9%81%d8%ad%d9%87-%d8%aa%d8%b1%db%8c%d8%b2%d9%88%d9%86-%d9%87%db%8c%d9%85%d8%a7%d9%84%db%8c%d8%a7%db%8c%db%8c/",
      "image": "https://defrost.ir/shop/wp-content/uploads/2019/02/21-600x600.jpg",
      "description": ""
    },
    {
      "name": {
        "fa": "صفحه تریزون 80cc لوله بغل",
        "en": "80cc Sidewall Mounted Threeson Page with L Tube",
        "ar": "صفحه تریزون 80cc لوله بغل",
        "ur": "صفحہ تریزون 80cc لولہ بغل",
        "kk": "80cc Sidewall Mounted Threeson Page with L Tube",
        "ku": "80cc Sidewall Mounted Threeson Page with L Tube"
      },
      "url": "https://defrost.ir/shop/product/%d8%b5%d9%81%d8%ad%d9%87-%d8%aa%d8%b1%db%8c%d8%b2%d9%88%d9%86-80cc-%d9%84%d9%88%d9%84%d9%87-%d8%a8%d8%ba%d9%84/",
      "image": "https://defrost.ir/shop/wp-content/uploads/2019/03/9-600x600.jpg",
      "description": ""
    },
    {
      "name": {
        "fa": "صفحه تریزون 80cc لوله بغل",
        "en": "80cc Sidewall Mounted Threeson Page with L Tube",
        "ar": "صفحه تریزون 80cc لوله بغل",
        "ur": "صفحہ تریزون 80cc لولہ بغل",
        "kk": "80cc Sidewall Mounted Threeson Page with L Tube",
        "ku": "80cc Sidewall Mounted Threeson Page with L Tube"
      },
      "url": "https://defrost.ir/shop/product/%d8%b5%d9%81%d8%ad%d9%87-%d8%aa%d8%b1%db%8c%d8%b2%d9%88%d9%86-80cc-%d9%84%d9%88%d9%84%d9%87-%d8%a8%d8%ba%d9%84/",
      "image": "https://defrost.ir/shop/wp-content/uploads/2019/03/9-600x600.jpg",
      "description": ""
    },
    {
      "name": {
        "fa": "صفحه تریزون 90cc لوله بغل",
        "en": "90cc Sidewall Mounted Threeson Page with L Tube",
        "ar": "صفحه تریزون 90cc لوله بغل",
        "ur": "صفحہ تریزون 90cc لولہ بغل",
        "kk": "90cc Sidewall Mounted Threeson Page with L Tube",
        "ku": "90cc Sidewall Mounted Threeson Page with L Tube"
      },
      "url": "https://defrost.ir/shop/product/%d8%b5%d9%81%d8%ad%d9%87-%d8%aa%d8%b1%db%8c%d8%b2%d9%88%d9%86-90cc-%d9%84%d9%88%d9%84%d9%87-%d8%a8%d8%ba%d9%84/",
      "image": "https://defrost.ir/shop/wp-content/uploads/woocommerce-placeholder-600x600.png",
      "description": ""
    },
    {
      "name": {
        "fa": "صفحه تریزون 90cc لوله بغل",
        "en": "90cc Sidewall Mounted Threeson Page with L Tube",
        "ar": "صفحه تریزون 90cc لوله بغل",
        "ur": "صفحہ تریزون 90cc لولہ بغل",
        "kk": "90cc Sidewall Mounted Threeson Page with L Tube",
        "ku": "90cc Sidewall Mounted Threeson Page with L Tube"
      },
      "url": "https://defrost.ir/shop/product/%d8%b5%d9%81%d8%ad%d9%87-%d8%aa%d8%b1%db%8c%d8%b2%d9%88%d9%86-90cc-%d9%84%d9%88%d9%84%d9%87-%d8%a8%d8%ba%d9%84/",
      "image": "https://defrost.ir/shop/wp-content/uploads/woocommerce-placeholder-600x600.png",
      "description": ""
    },
    {
      "name": {
        "fa": "صفحه تریزون 90cc لوله بلند",
        "en": "90cc Sidewall Mounted Threeson Page with L Tube",
        "ar": "صفحه تریزون 90cc لوله بلند",
        "ur": "صفحہ تریزون 90cc لولہ بلند"
      },
      "url": "https://defrost.ir/shop/product/%d8%b5%d9%81%d8%ad%d9%87-%d8%aa%d8%b1%db%8c%d8%b2%d9%88%d9%86-90cc-%d9%84%d9%88%d9%84%d9%87-%d8%a8%d9%84%d9%86%d8%af/",
      "image": "https://defrost.ir/shop/wp-content/uploads/2019/03/8-600x600.jpg",
      "description": ""
    },
    {
      "name": {
        "fa": "صفحه تریزون 90cc لوله بلند",
        "en": "90cc Sidewall Mounted Threeson Page with L Tube",
        "ar": "صفحه تریزون 90cc لوله بلند",
        "ur": "صفحہ تریزون 90cc لولہ بلند"
      },
      "url": "https://defrost.ir/shop/product/%d8%b5%d9%81%d8%ad%d9%87-%d8%aa%d8%b1%db%8c%d8%b2%d9%88%d9%86-90cc-%d9%84%d9%88%d9%84%d9%87-%d8%a8%d9%84%d9%86%d8%af/",
      "image": "https://defrost.ir/shop/wp-content/uploads/2019/03/8-600x600.jpg",
      "description": ""
    },
    {
      "name": {
        "fa": "صفحه تریزون ارج باریک",
        "en": "Arj Bargi Page",
        "ar": "صفحه تریزون ارج باریک",
        "ur": "صفحہ ارج باریک"
      },
      "url": "https://defrost.ir/shop/product/%d8%b5%d9%81%d8%ad%d9%87-%d8%aa%d8%b1%db%8c%d8%b2%d9%88%d9%86-%d8%a7%d8%b1%d8%ac-%d8%a8%d8%a7%d8%b1%db%8c%da%a9/",
      "image": "https://defrost.ir/shop/wp-content/uploads/2022/05/صفحه-ارجی-600x600.jpg",
      "description": ""
    },
    {
      "name": {
        "fa": "صفحه تریزون ارج باریک",
        "en": "Arj Bargi Page",
        "ar": "صفحه تریزون ارج باریک",
        "ur": "صفحہ ارج باریک"
      },
      "url": "https://defrost.ir/shop/product/%d8%b5%d9%81%d8%ad%d9%87-%d8%aa%d8%b1%db%8c%d8%b2%d9%88%d9%86-%d8%a7%d8%b1%d8%ac-%d8%a8%d8%a7%d8%b1%db%8c%da%a9/",
      "image": "https://defrost.ir/shop/wp-content/uploads/2022/05/صفحه-ارجی-600x600.jpg",
      "description": ""
    },
    {
      "name": {
        "fa": "صفحه تریزون بکو",
        "en": "Baku Page",
        "ar": "صفحه تریزون بکو",
        "ur": "صفحہ بکو"
      },
      "url": "https://defrost.ir/shop/product/%d8%b5%d9%81%d8%ad%d9%87-%d8%aa%d8%b1%db%8c%d8%b2%d9%88%d9%86-%d8%a8%da%a9%d9%88/",
      "image": "https://defrost.ir/shop/wp-content/uploads/2022/05/صفحه-بکو-600x600.jpg",
      "description": ""
    },
    {
      "name": {
        "fa": "صفحه تریزون بکو",
        "en": "Baku Page",
        "ar": "صفحه تریزون بکو",
        "ur": "صفحہ بکو"
      },
      "url": "https://defrost.ir/shop/product/%d8%b5%d9%81%d8%ad%d9%87-%d8%aa%d8%b1%db%8c%d8%b2%d9%88%d9%86-%d8%a8%da%a9%d9%88/",
      "image": "https://defrost.ir/shop/wp-content/uploads/2022/05/صفحه-بکو-600x600.jpg",
      "description": ""
    }
  ]
}